,Edad,Fuerza,Velocidad,Lesiones,Vision,Resistencia,Agilidad,CapacidadDecision,prediction(DeportePrimario)
0,18.5,5,1,1,0,5,33,61,Voleibol
1,13.3,1,2,1,3,5,18,59,Rugby
2,13.4,2,1,0,2,5,40,11,Futbol
3,13.6,4,1,0,0,5,28,0,Voleibol
4,16.3,3,1,0,2,5,32,35,Rugby
5,15.7,1,1,0,2,3,43,37,Rugby
6,17.0,3,2,0,3,5,21,41,Rugby
7,16.3,3,1,0,1,1,41,29,Futbol
8,15.7,1,2,1,3,5,17,45,Rugby
9,16.5,3,2,0,1,3,46,40,Futbol
10,18.9,5,1,1,2,5,41,6,Futbol
11,14.6,5,2,1,0,3,35,48,Futbol
12,17.3,2,2,1,2,1,28,32,Rugby
13,14.9,6,1,1,3,3,42,39,Futbol
14,15.8,4,1,1,1,1,49,4,Futbol
15,14.2,5,1,1,0,5,24,55,Basketball
16,14.5,4,2,1,0,5,21,45,Voleibol
17,13.3,5,1,1,3,3,42,29,Futbol
18,13.7,4,2,1,0,3,27,7,Voleibol
19,17.3,0,0,0,3,5,15,43,Rugby
20,15.0,5,1,0,2,5,31,4,Voleibol
21,17.1,2,5,1,2,1,42,6,Futbol
22,13.5,3,1,1,3,5,21,29,Rugby
23,16.8,5,3,1,0,5,38,75,Basketball
24,16.3,3,6,1,3,5,22,68,Rugby
25,15.6,3,2,1,2,5,42,29,Futbol
26,18.8,1,2,1,3,5,16,40,Rugby
27,16.2,3,6,1,1,3,36,29,Futbol
28,13.6,3,1,0,3,5,21,8,Basketball
29,13.5,1,2,1,3,5,18,50,Rugby
30,17.4,4,0,1,1,3,31,95,Rugby
31,16.7,3,1,1,3,5,18,55,Rugby
32,16.3,4,1,1,2,5,23,13,Rugby
33,18.7,3,1,1,3,3,23,39,Rugby
34,16.3,3,6,1,3,5,19,47,Rugby
35,18.4,2,1,1,3,5,46,8,Rugby
36,13.6,4,1,1,1,3,38,11,Futbol
37,17.5,2,3,1,2,3,42,11,Futbol
38,16.1,1,1,0,3,5,18,43,Rugby
39,18.8,3,1,1,0,1,36,8,Futbol
40,17.2,7,1,1,0,1,27,48,Futbol
41,18.8,1,2,1,3,5,19,30,Rugby
42,14.1,3,1,1,3,5,20,6,Rugby
43,14.2,4,2,1,1,4,44,4,Futbol
44,13.4,3,2,1,0,3,31,5,Voleibol
45,14.0,5,0,1,1,5,38,4,Voleibol
46,14.5,4,5,1,2,3,28,32,Futbol
47,14.3,3,2,1,1,3,42,40,Futbol
48,18.6,4,1,1,3,5,29,19,Rugby
49,14.7,3,2,0,2,5,20,54,Basketball
50,17.9,5,1,0,2,5,29,32,Rugby
51,15.5,1,0,0,3,0,15,18,Rugby
52,16.1,3,1,1,1,3,58,7,Futbol
53,18.1,3,1,0,3,5,18,19,Rugby
54,13.2,3,2,1,0,3,32,15,Futbol
55,15.7,5,1,1,3,5,25,11,Futbol
56,16.7,5,4,1,0,3,30,30,Futbol
57,13.8,1,6,1,2,5,25,4,Futbol
58,13.9,3,0,1,0,3,54,45,Futbol
59,18.3,4,2,1,3,5,25,19,Rugby
60,14.2,4,5,1,3,5,20,66,Basketball
61,14.0,3,2,0,3,3,27,4,Futbol
62,13.9,4,4,0,3,5,24,4,Futbol
63,18.1,7,1,0,0,3,31,5,Voleibol
64,18.1,3,1,1,2,1,55,70,Rugby
65,16.4,4,2,0,0,5,32,40,Voleibol
66,13.4,3,1,1,2,3,49,15,Futbol
67,16.4,4,1,0,3,3,24,23,Rugby
68,15.7,4,6,0,2,1,59,22,Futbol
69,17.3,1,5,0,3,5,16,28,Rugby
70,16.9,5,1,0,3,1,56,13,Futbol
71,14.7,5,1,1,2,1,60,10,Futbol
72,18.5,5,1,0,1,3,51,20,Futbol
73,14.6,5,1,0,3,3,68,20,Futbol
74,14.9,1,1,1,2,3,50,50,Futbol
75,16.8,1,1,0,0,4,36,63,Rugby
76,18.4,4,5,1,0,5,27,50,Futbol
77,18.6,7,2,0,0,5,33,99,Basketball
78,15.1,3,1,0,3,5,21,45,Rugby
79,14.1,1,2,1,1,3,41,28,Futbol
80,14.6,0,1,1,3,5,18,30,Rugby
81,18.7,4,2,1,0,5,31,4,Voleibol
82,18.0,4,2,1,1,5,31,7,Voleibol
83,16.4,1,1,1,0,1,38,16,Futbol
84,16.0,4,1,0,0,3,23,45,Voleibol
85,16.4,1,1,0,3,5,18,32,Rugby
86,15.8,2,4,1,2,5,36,35,Futbol
87,18.2,0,2,1,0,5,34,55,Rugby
88,16.0,5,1,1,0,3,38,5,Voleibol
89,13.3,5,2,0,2,5,45,19,Futbol
90,17.8,5,2,1,0,3,31,8,Voleibol
91,15.8,5,1,1,0,5,36,40,Voleibol
92,16.5,3,1,1,3,3,51,43,Futbol
93,13.4,4,2,1,2,3,50,7,Futbol
94,13.2,5,3,1,0,3,41,8,Futbol
95,16.1,3,1,0,3,5,17,7,Rugby
96,15.2,3,2,0,3,5,21,14,Rugby
97,18.9,3,1,1,3,5,20,8,Rugby
98,16.2,7,1,0,2,1,47,17,Futbol
99,18.4,3,2,0,3,5,21,43,Rugby
100,18.9,3,2,0,3,5,17,35,Rugby
101,13.5,5,3,1,2,3,33,4,Futbol
102,17.1,3,1,0,3,5,20,29,Rugby
103,17.4,4,1,0,2,3,39,29,Futbol
104,18.3,2,1,1,2,3,41,0,Rugby
105,16.0,5,1,1,2,3,44,8,Futbol
106,16.4,1,1,0,3,5,19,12,Rugby
107,13.0,3,1,1,3,5,24,8,Futbol
108,15.9,4,1,1,3,5,24,64,Rugby
109,14.4,5,1,1,3,3,38,100,Basketball
110,16.3,5,5,1,0,5,26,37,Futbol
111,16.0,5,2,0,3,3,49,48,Futbol
112,17.6,6,1,1,3,3,43,20,Futbol
113,15.2,3,1,1,0,3,45,29,Futbol
114,16.4,7,2,1,2,3,32,99,Basketball
115,15.8,4,1,1,0,3,36,43,Futbol
116,18.6,3,2,0,3,5,19,4,Rugby
117,17.6,4,1,0,1,5,27,4,Voleibol
118,15.7,4,1,0,0,3,48,48,Futbol
119,13.8,4,1,1,0,3,48,47,Futbol
120,14.9,4,1,1,2,3,45,8,Futbol
121,17.0,4,5,1,0,3,31,20,Futbol
122,14.1,2,1,1,2,3,37,34,Futbol
123,17.6,4,1,0,2,1,55,20,Futbol
124,16.9,3,1,1,2,3,51,1,Futbol
125,18.8,4,6,0,1,1,42,54,Futbol
126,13.5,5,4,0,0,5,30,4,Voleibol
127,15.9,5,1,0,0,3,51,55,Futbol
128,14.9,4,2,0,2,1,42,3,Futbol
129,14.1,3,4,1,3,5,23,4,Futbol
130,15.7,3,1,0,3,5,23,54,Rugby
131,15.6,0,2,0,3,5,15,29,Rugby
132,15.0,5,1,0,3,1,45,34,Futbol
133,18.1,5,3,1,2,3,35,19,Futbol
134,14.5,3,6,0,3,5,22,11,Futbol
135,13.6,1,1,0,3,3,36,8,Futbol
136,17.1,5,1,1,2,3,49,27,Futbol
137,14.8,3,5,0,3,5,18,54,Basketball
138,15.2,4,3,1,0,3,24,48,Futbol
139,14.6,1,4,1,0,5,19,42,Basketball
140,17.9,3,1,1,0,5,30,55,Rugby
141,15.1,1,2,1,3,5,21,80,Rugby
142,14.8,4,1,0,2,5,26,19,Basketball
143,16.7,3,1,1,2,4,27,40,Rugby
144,18.2,5,4,1,3,5,31,72,Rugby
145,16.8,6,2,1,0,3,31,4,Voleibol
146,13.9,3,1,0,3,0,19,35,Rugby
147,15.8,1,1,1,1,3,34,39,Rugby
148,14.9,5,2,1,1,1,57,8,Futbol
149,13.5,4,1,1,0,5,29,29,Voleibol
150,13.1,5,1,0,2,3,50,6,Futbol
151,16.6,5,1,1,1,3,37,43,Futbol
152,13.5,3,5,0,3,5,26,92,Basketball
153,14.0,1,1,0,3,5,17,7,Rugby
154,15.2,7,5,1,1,3,50,43,Futbol
155,18.8,0,1,0,3,5,14,29,Rugby
156,13.6,3,1,0,3,5,20,13,Basketball
157,15.2,3,6,0,0,5,27,15,Futbol
158,17.9,6,2,1,2,3,72,20,Futbol
159,16.7,3,3,1,3,5,20,20,Rugby
160,16.9,4,2,1,0,5,22,29,Voleibol
161,13.6,4,4,1,1,3,29,32,Futbol
162,15.0,1,2,1,3,5,26,58,Rugby
163,13.8,7,1,1,0,1,27,39,Futbol
164,15.8,3,2,1,3,1,37,4,Futbol
165,19.0,0,3,1,3,5,16,18,Rugby
166,17.0,4,4,1,0,5,24,52,Basketball
167,13.4,4,1,1,0,5,35,55,Basketball
168,15.8,4,6,1,0,3,44,8,Futbol
169,18.6,1,2,1,3,5,17,54,Rugby
170,16.1,5,2,0,0,3,55,43,Futbol
171,18.5,3,1,1,3,5,36,55,Rugby
172,16.3,4,1,1,0,3,38,6,Voleibol
173,18.9,3,1,0,0,3,47,20,Voleibol
174,15.9,4,1,0,0,3,47,21,Futbol
175,15.5,4,2,0,2,3,34,29,Futbol
176,14.4,3,1,1,3,5,20,66,Rugby
177,15.7,4,1,1,0,3,36,40,Futbol
178,17.4,4,2,1,0,5,25,4,Voleibol
179,19.0,3,2,1,0,3,29,55,Rugby
180,16.4,3,1,1,0,3,43,103,Basketball
181,16.0,4,2,1,2,3,33,55,Futbol
182,15.4,6,1,1,2,5,28,28,Futbol
183,16.8,4,1,0,0,3,25,54,Voleibol
184,15.2,7,1,1,1,1,40,30,Futbol
185,16.8,4,4,1,0,5,24,4,Voleibol
186,13.9,5,1,1,1,1,37,86,Futbol
187,16.7,7,1,1,2,5,42,32,Futbol
188,15.1,5,1,1,3,4,55,40,Futbol
189,18.0,3,1,0,3,3,51,30,Futbol
190,18.8,3,2,1,0,1,53,35,Futbol
191,18.1,3,1,1,0,3,56,19,Futbol
192,16.5,3,2,1,3,5,22,4,Rugby
193,15.8,3,1,1,3,5,24,68,Rugby
194,15.7,4,1,1,1,1,52,18,Futbol
195,13.7,4,1,1,1,1,60,47,Futbol
196,16.7,3,1,1,3,5,21,20,Rugby
197,14.9,4,1,0,0,3,43,12,Voleibol
198,18.5,4,2,1,1,5,23,40,Rugby
199,16.8,1,0,1,0,5,26,5,Voleibol
200,13.1,5,1,1,2,3,47,21,Futbol
201,15.6,5,1,1,0,3,33,45,Voleibol
202,14.5,5,1,1,0,3,61,4,Futbol
203,16.0,4,0,1,1,1,48,4,Futbol
204,18.9,4,1,1,1,1,50,21,Futbol
205,16.9,4,6,1,0,5,48,4,Futbol
206,14.6,3,2,0,0,3,30,50,Futbol
207,15.5,1,3,1,3,5,17,4,Rugby
208,16.2,3,1,0,3,5,22,64,Rugby
209,13.7,4,1,0,1,5,47,29,Futbol
210,15.0,2,1,1,2,3,45,20,Futbol
211,16.4,3,1,1,1,3,28,11,Futbol
212,18.3,1,1,0,3,5,18,12,Rugby
213,16.0,4,1,1,1,3,73,43,Futbol
214,18.5,5,2,1,0,3,37,30,Futbol
215,17.9,7,3,1,0,4,44,63,Futbol
216,16.4,5,1,1,1,1,43,2,Futbol
217,15.4,5,5,1,1,3,42,5,Futbol
218,16.5,4,2,1,0,5,29,54,Voleibol
219,14.3,3,1,1,1,3,72,40,Futbol
220,17.5,4,1,1,3,5,35,11,Rugby
221,18.3,4,2,1,2,3,63,8,Futbol
222,15.1,1,1,1,2,3,45,2,Futbol
223,15.2,3,1,0,3,5,21,19,Rugby
224,15.2,3,2,1,3,5,21,29,Rugby
225,17.5,2,1,0,3,3,34,10,Rugby
226,16.5,3,2,1,0,3,43,103,Basketball
227,15.0,5,0,1,0,3,32,29,Voleibol
228,17.7,3,1,1,2,3,59,11,Futbol
229,13.4,0,1,1,3,0,14,17,Rugby
230,16.7,1,1,1,2,3,51,77,Rugby
231,13.6,4,1,1,2,5,21,55,Basketball
232,14.3,2,1,1,2,3,42,37,Futbol
233,13.7,3,1,0,2,4,42,4,Futbol
234,14.9,4,1,1,2,3,40,55,Futbol
235,14.3,3,5,0,2,3,59,7,Futbol
236,13.5,1,3,1,3,5,20,54,Rugby
237,14.9,5,6,1,1,0,48,4,Futbol
238,16.3,4,1,1,2,5,29,7,Voleibol
239,16.9,4,1,1,2,3,26,34,Rugby
240,16.9,4,6,0,1,5,23,8,Futbol
241,17.6,7,6,1,2,3,44,27,Futbol
242,13.4,3,4,1,3,5,22,45,Basketball
243,18.1,3,1,0,0,3,38,14,Voleibol
244,18.6,5,1,1,0,3,56,35,Futbol
245,14.4,5,2,1,0,3,33,64,Futbol
246,17.2,1,2,1,0,5,17,29,Rugby
247,13.4,0,2,1,3,5,17,32,Rugby
248,15.7,3,2,1,0,5,50,2,Voleibol
249,13.7,1,1,0,3,5,21,34,Rugby
250,17.1,7,1,1,2,3,51,35,Futbol
251,17.3,3,1,0,1,5,22,20,Voleibol
252,14.1,6,1,1,3,1,50,30,Futbol
253,18.1,4,1,0,1,3,55,7,Futbol
254,17.7,1,6,1,3,5,19,55,Rugby
255,14.3,5,1,1,3,3,32,18,Futbol
256,15.6,1,6,1,1,3,54,7,Futbol
257,14.7,4,1,0,2,3,41,48,Futbol
258,15.4,3,1,0,3,5,23,48,Rugby
259,18.1,0,1,1,3,5,14,29,Rugby
260,18.0,4,1,0,2,5,52,4,Futbol
261,18.3,5,2,0,2,3,30,35,Futbol
262,15.3,4,1,1,2,5,25,103,Basketball
263,18.2,4,2,1,0,3,29,17,Voleibol
264,18.6,5,4,1,0,3,32,35,Futbol
265,15.3,5,1,1,0,3,27,11,Voleibol
266,14.6,3,1,1,3,5,25,64,Rugby
267,15.1,4,6,1,2,3,45,4,Futbol
268,13.5,0,6,0,3,5,14,17,Rugby
269,15.7,1,1,0,3,5,17,4,Rugby
270,15.7,3,4,1,3,5,19,8,Rugby
271,18.1,4,1,1,3,3,24,54,Rugby
272,16.1,4,1,1,1,5,28,9,Voleibol
273,16.0,4,1,1,2,3,51,28,Futbol
274,18.7,5,1,0,3,3,77,4,Futbol
275,14.1,1,2,1,3,5,18,36,Rugby
276,16.1,4,4,1,0,5,25,4,Voleibol
277,18.8,3,1,0,3,5,21,13,Rugby
278,15.3,2,5,0,2,5,35,20,Futbol
279,13.1,3,3,1,2,3,29,7,Futbol
280,14.9,5,1,0,2,5,29,47,Basketball
281,14.7,3,1,0,3,5,20,8,Rugby
282,14.8,0,1,0,3,5,16,0,Rugby
283,17.6,5,1,1,1,3,33,94,Basketball
284,13.4,4,2,1,3,5,23,30,Basketball
285,14.7,5,1,0,0,3,40,30,Voleibol
286,18.8,7,1,1,2,3,39,7,Futbol
287,13.2,2,1,1,3,5,43,10,Futbol
288,15.0,3,1,1,0,4,39,50,Voleibol
289,16.2,4,1,0,3,5,26,8,Rugby
290,17.6,4,2,0,0,5,22,54,Basketball
291,16.5,1,6,0,3,3,19,3,Rugby
292,18.8,3,1,1,0,3,27,46,Rugby
293,14.0,4,1,1,1,3,62,40,Futbol
294,17.6,4,1,1,0,3,50,18,Futbol
295,13.4,4,6,1,2,1,49,4,Futbol
296,15.2,3,2,0,3,5,18,11,Rugby
297,15.9,1,1,1,1,3,25,39,Rugby
298,14.0,4,1,0,2,5,26,45,Basketball
299,17.2,3,2,0,0,3,34,19,Voleibol
300,13.4,5,2,0,2,5,29,29,Basketball
301,17.5,1,1,1,0,3,27,7,Voleibol
302,14.6,5,2,1,3,3,33,43,Futbol
303,14.8,4,1,1,2,3,45,4,Futbol
304,14.8,3,4,1,1,1,33,4,Futbol
305,17.4,1,2,1,3,5,20,11,Rugby
306,13.2,3,1,1,2,3,50,39,Futbol
307,14.0,4,6,1,1,1,47,8,Futbol
308,14.9,4,6,1,2,3,30,48,Futbol
309,17.4,1,1,1,2,3,30,17,Rugby
310,16.7,1,1,0,2,3,51,30,Futbol
311,14.1,3,2,1,1,3,42,4,Futbol
312,13.1,3,2,0,3,5,20,20,Basketball
313,16.8,4,6,1,1,3,47,30,Futbol
314,16.4,5,4,1,1,3,34,100,Basketball
315,15.5,3,2,1,0,3,23,41,Futbol
316,13.0,7,1,1,2,3,50,7,Futbol
317,15.0,3,2,1,3,5,20,50,Rugby
318,16.9,4,1,1,2,1,40,21,Futbol
319,16.6,3,2,1,3,5,19,54,Rugby
320,14.5,3,1,0,2,3,38,18,Futbol
321,18.7,0,2,1,0,5,48,17,Voleibol
322,18.8,3,1,0,3,5,22,12,Rugby
323,18.7,3,1,1,0,3,32,1,Voleibol
324,18.3,4,1,1,1,3,26,54,Rugby
325,17.7,5,1,1,1,3,53,8,Futbol
326,14.5,3,5,1,3,5,20,61,Basketball
327,18.9,4,3,1,1,5,30,35,Rugby
328,13.4,3,2,0,3,5,18,20,Basketball
329,14.1,3,4,1,3,5,19,8,Futbol
330,13.2,4,1,1,0,3,50,17,Futbol
331,16.9,4,2,1,1,5,42,11,Voleibol
332,16.5,4,1,1,0,3,40,8,Voleibol
333,18.3,4,2,1,3,5,30,72,Rugby
334,14.7,5,1,1,2,5,28,29,Futbol
335,16.8,4,6,1,0,3,34,8,Futbol
336,14.8,5,1,1,2,3,63,43,Futbol
337,13.6,4,1,1,1,5,26,30,Voleibol
338,17.6,3,1,1,3,5,26,50,Rugby
339,18.5,1,1,1,3,5,18,8,Rugby
340,17.6,3,2,1,0,5,23,80,Rugby
341,13.9,4,0,1,2,3,42,50,Futbol
342,16.2,3,5,1,3,5,20,8,Rugby
343,15.5,4,2,1,0,3,31,40,Futbol
344,18.3,5,2,1,0,5,30,106,Basketball
345,13.5,4,1,0,0,1,52,50,Futbol
346,13.7,1,3,1,0,3,34,53,Futbol
347,17.8,4,0,0,2,5,23,19,Rugby
348,15.4,5,3,1,0,3,49,28,Futbol
349,15.9,3,1,1,2,3,53,37,Futbol
350,13.3,3,3,1,3,5,20,30,Basketball
351,16.6,5,1,0,2,3,34,4,Futbol
352,19.0,3,2,1,2,1,51,8,Futbol
353,14.7,3,2,1,0,3,30,7,Voleibol
354,17.1,5,1,1,2,3,54,27,Futbol
355,17.2,4,1,1,0,3,67,30,Futbol
356,16.1,6,1,0,0,0,34,4,Futbol
357,18.0,2,1,1,2,0,40,45,Rugby
358,19.0,4,1,0,3,3,27,25,Rugby
359,18.3,4,1,0,0,5,27,40,Voleibol
360,13.2,3,0,1,3,5,20,3,Rugby
361,13.4,7,1,1,2,3,45,7,Futbol
362,13.0,7,1,1,3,5,25,4,Futbol
363,15.8,4,1,0,2,1,50,5,Futbol
364,13.8,3,1,0,0,3,32,93,Basketball
365,14.9,3,2,1,3,3,23,40,Rugby
366,18.6,5,2,1,2,5,24,11,Rugby
367,15.6,3,3,1,3,5,24,69,Rugby
368,13.7,4,1,1,3,3,36,7,Futbol
369,15.8,3,6,0,3,5,19,35,Basketball
370,18.4,3,0,1,0,5,22,45,Rugby
371,18.6,5,1,1,3,3,48,12,Futbol
372,13.7,3,1,1,3,5,25,109,Basketball
373,13.1,4,2,0,0,3,37,50,Futbol
374,17.0,3,2,0,3,5,18,20,Rugby
375,15.6,3,1,1,2,1,43,45,Futbol
376,14.4,4,2,1,3,5,24,72,Basketball
377,18.7,3,1,0,3,5,17,42,Rugby
378,18.8,3,2,1,3,5,21,32,Rugby
379,18.0,5,1,0,1,3,44,47,Futbol
380,15.3,4,2,1,2,3,35,43,Futbol
381,17.0,4,1,1,0,5,24,20,Voleibol
382,18.3,5,2,1,3,3,42,59,Rugby
383,14.9,7,1,1,1,3,37,30,Futbol
384,17.0,3,1,0,3,5,21,19,Rugby
385,17.3,3,1,0,0,3,30,48,Voleibol
386,18.2,6,1,1,2,3,63,75,Futbol
387,16.2,4,5,1,0,5,23,20,Voleibol
388,14.7,3,1,1,1,3,51,7,Futbol
389,17.8,3,1,1,1,1,43,4,Futbol
390,17.7,4,6,0,0,3,28,8,Futbol
391,14.5,3,0,0,2,5,27,33,Basketball
392,14.5,3,6,1,3,5,21,55,Basketball
393,14.3,4,1,1,3,1,39,56,Futbol
394,14.0,4,1,1,3,3,38,13,Futbol
395,14.1,3,1,0,3,5,22,20,Rugby
396,15.9,3,2,1,3,5,20,34,Rugby
397,15.5,5,2,1,3,5,26,43,Basketball
398,16.7,6,1,1,0,0,43,12,Futbol
399,18.5,5,1,1,1,3,35,11,Futbol
400,15.1,1,1,0,0,1,40,29,Futbol
401,18.3,5,6,0,2,3,28,28,Futbol
402,17.3,4,1,0,0,3,35,2,Voleibol
403,17.9,4,3,0,2,3,37,11,Futbol
404,18.5,3,5,0,1,5,22,8,Futbol
405,18.4,3,2,1,0,3,37,13,Voleibol
406,14.5,3,1,0,0,4,39,7,Voleibol
407,17.8,1,3,0,3,0,14,14,Rugby
408,13.6,0,1,1,3,5,16,32,Rugby
409,14.3,4,1,1,0,4,46,4,Voleibol
410,18.0,4,2,0,1,3,34,4,Futbol
411,14.6,0,5,0,3,5,16,19,Rugby
412,18.9,4,3,0,2,5,30,28,Rugby
413,15.0,2,3,1,0,3,35,35,Futbol
414,16.1,4,0,1,0,3,52,6,Voleibol
415,15.1,3,2,0,3,5,18,35,Rugby
416,15.3,3,2,1,3,5,18,35,Rugby
417,15.3,4,2,1,3,5,20,43,Rugby
418,18.7,4,1,0,2,5,61,18,Futbol
419,19.0,0,2,1,3,5,20,54,Rugby
420,17.9,4,3,1,3,3,27,50,Rugby
421,15.4,5,1,1,2,3,30,50,Futbol
422,15.6,3,6,1,2,1,43,21,Futbol
423,18.0,4,1,1,0,3,46,18,Voleibol
424,16.5,6,2,1,3,3,44,21,Futbol
425,17.2,4,1,1,2,3,54,7,Futbol
426,17.1,4,1,1,2,3,34,57,Rugby
427,18.7,4,6,1,1,3,60,43,Futbol
428,17.8,3,2,1,0,5,22,8,Voleibol
429,14.9,1,4,1,3,5,14,28,Rugby
430,15.4,4,1,0,0,5,29,28,Voleibol
431,13.2,3,2,1,0,3,26,59,Futbol
432,16.8,3,6,1,1,3,35,5,Futbol
433,16.2,3,2,1,0,5,21,50,Voleibol
434,13.6,4,2,1,3,0,22,72,Rugby
435,13.3,4,2,0,1,5,28,20,Voleibol
436,17.7,3,1,1,1,3,46,4,Futbol
437,16.7,5,1,1,0,3,43,43,Futbol
438,13.9,3,4,1,3,5,21,4,Futbol
439,14.1,5,0,1,1,3,37,74,Basketball
440,16.3,3,0,1,1,5,26,29,Voleibol
441,18.0,4,3,1,0,5,25,28,Voleibol
442,14.4,3,5,1,0,1,26,4,Futbol
443,15.1,3,1,1,2,5,42,4,Futbol
444,15.3,1,1,0,1,3,24,34,Rugby
445,17.6,3,1,1,2,1,37,19,Futbol
446,15.9,5,2,1,0,5,47,35,Voleibol
447,15.7,5,5,1,3,3,44,34,Futbol
448,13.2,4,1,0,1,3,42,35,Futbol
449,17.8,1,2,1,1,5,25,75,Rugby
450,16.3,4,3,0,0,6,23,47,Basketball
451,16.9,5,2,1,2,5,45,8,Futbol
452,13.7,5,1,1,3,4,22,59,Basketball
453,14.0,3,1,0,3,5,21,66,Basketball
454,17.4,4,2,1,2,3,37,32,Futbol
455,13.4,4,5,0,0,0,31,13,Futbol
456,13.3,1,6,0,3,5,18,39,Basketball
457,14.1,3,2,0,3,5,24,66,Basketball
458,16.0,4,2,0,0,5,26,28,Voleibol
459,17.7,3,3,1,3,5,20,35,Rugby
460,14.2,3,1,0,1,3,49,47,Futbol
461,15.6,1,6,0,3,5,18,8,Rugby
462,16.8,0,6,1,1,1,34,32,Futbol
463,13.8,3,1,1,2,5,21,4,Voleibol
464,17.9,3,1,0,1,6,56,4,Voleibol
465,18.8,3,1,0,3,5,21,45,Rugby
466,13.3,1,1,1,3,5,18,50,Rugby
467,14.0,3,2,0,0,5,28,4,Voleibol
468,14.0,5,2,0,3,3,47,0,Futbol
469,14.0,4,1,1,3,3,28,45,Rugby
470,18.8,6,1,0,3,3,49,0,Futbol
471,18.9,5,6,1,3,5,62,4,Futbol
472,16.1,2,1,0,2,3,39,54,Rugby
473,15.5,0,1,1,3,5,18,34,Rugby
474,15.9,5,2,1,1,5,47,35,Futbol
475,13.8,3,1,1,1,3,54,33,Futbol
476,14.6,4,1,1,2,3,47,4,Futbol
477,15.4,3,2,1,0,3,23,5,Voleibol
478,15.3,3,3,0,0,1,45,48,Futbol
479,13.3,3,1,1,3,5,18,4,Rugby
480,16.8,4,0,1,1,5,33,39,Voleibol
481,13.4,4,3,1,1,3,35,0,Futbol
482,16.6,5,1,1,3,3,50,29,Futbol
483,13.3,4,2,1,3,3,50,6,Futbol
484,18.2,4,2,0,0,5,27,4,Voleibol
485,18.5,5,2,0,3,3,27,35,Rugby
486,15.4,4,2,1,2,5,23,43,Basketball
487,15.5,4,3,1,0,5,26,6,Voleibol
488,18.5,4,1,1,2,5,23,29,Rugby
489,14.7,1,2,0,3,5,16,11,Rugby
490,17.4,2,5,1,3,5,24,35,Rugby
491,18.2,4,2,1,0,5,30,50,Voleibol
492,17.5,4,2,0,2,5,50,18,Futbol
493,14.6,3,1,1,2,4,37,43,Futbol
494,15.0,4,6,1,1,3,34,50,Futbol
495,15.5,5,1,0,2,1,52,4,Futbol
496,16.2,4,1,0,0,3,29,56,Voleibol
497,14.2,3,1,1,3,5,23,40,Rugby
498,18.0,1,1,1,2,3,47,54,Rugby
499,14.3,5,5,0,2,5,34,15,Futbol
500,16.5,3,1,0,0,5,46,4,Voleibol
501,13.4,4,5,0,1,5,27,29,Basketball
502,14.9,3,1,0,2,4,28,19,Futbol
503,13.5,7,2,1,2,3,24,35,Futbol
504,13.3,3,2,1,0,5,25,50,Basketball
505,16.3,5,1,1,2,3,67,25,Futbol
506,17.5,3,4,1,0,3,44,29,Futbol
507,17.5,4,5,1,0,5,37,32,Futbol
508,14.2,4,2,1,2,3,44,7,Futbol
509,15.6,5,1,0,1,5,46,4,Voleibol
510,18.4,3,1,1,0,3,39,4,Voleibol
511,14.6,4,6,1,1,3,40,34,Futbol
512,15.8,6,2,1,3,3,38,33,Futbol
513,17.7,4,1,1,0,3,40,19,Voleibol
514,14.5,3,3,1,3,3,44,20,Futbol
515,16.4,3,3,1,3,5,19,8,Rugby
516,15.1,1,1,1,0,3,34,8,Voleibol
517,13.9,3,2,0,3,5,17,29,Basketball
518,15.3,3,1,1,1,3,39,2,Futbol
519,17.1,1,5,1,3,5,17,50,Rugby
520,15.7,4,3,1,0,5,27,2,Voleibol
521,17.7,7,3,1,0,5,19,55,Basketball
522,15.9,5,2,1,3,3,28,11,Futbol
523,17.0,3,1,1,3,5,21,50,Rugby
524,16.2,4,1,0,2,3,46,7,Futbol
525,16.3,4,2,0,2,3,36,50,Futbol
526,13.1,3,1,1,2,5,30,25,Futbol
527,18.1,0,6,0,3,5,14,8,Rugby
528,17.2,4,2,0,0,5,25,5,Voleibol
529,14.5,4,1,1,0,5,25,52,Voleibol
530,14.2,3,1,0,3,3,44,48,Futbol
531,13.0,1,1,1,3,5,18,54,Rugby
532,15.2,6,0,1,3,5,47,72,Basketball
533,14.4,4,1,1,3,3,53,63,Futbol
534,17.2,3,1,0,2,3,44,40,Futbol
535,18.4,4,1,0,3,5,42,29,Rugby
536,18.4,3,1,1,3,5,25,34,Rugby
537,15.2,4,1,1,0,5,28,4,Voleibol
538,18.2,3,4,0,3,5,20,29,Rugby
539,16.0,3,3,1,0,1,39,29,Futbol
540,16.1,5,1,1,0,3,32,19,Voleibol
541,13.5,4,1,0,1,3,45,6,Futbol
542,18.0,3,1,1,0,3,53,5,Voleibol
543,18.0,5,1,1,0,3,46,10,Voleibol
544,16.3,5,4,1,0,5,41,4,Voleibol
545,14.3,4,1,1,0,3,37,55,Futbol
546,14.8,3,1,0,3,5,18,45,Rugby
547,15.4,4,1,1,2,3,27,28,Futbol
548,15.8,1,2,1,3,5,19,59,Rugby
549,16.6,3,1,0,1,3,49,2,Futbol
550,14.6,3,1,1,2,5,23,12,Voleibol
551,15.8,5,1,0,3,3,25,50,Rugby
552,15.7,1,2,1,0,5,25,50,Rugby
553,14.4,1,1,1,3,5,16,32,Rugby
554,16.6,3,1,1,0,3,47,23,Futbol
555,17.1,3,2,1,0,3,31,4,Voleibol
556,16.6,5,2,1,0,3,39,28,Futbol
557,16.8,3,1,1,0,3,37,7,Voleibol
558,17.5,4,1,0,0,4,43,2,Voleibol
559,18.5,5,1,1,2,3,67,40,Futbol
560,17.7,4,2,1,3,5,19,29,Rugby
561,16.8,1,1,1,0,5,28,55,Rugby
562,15.4,2,1,1,1,3,50,79,Futbol
563,17.7,1,1,1,3,5,17,8,Rugby
564,16.0,5,4,0,0,4,38,47,Futbol
565,13.6,3,1,1,3,5,30,29,Rugby
566,17.6,3,2,1,0,5,43,25,Voleibol
567,14.2,7,1,0,2,5,31,34,Basketball
568,18.8,4,4,0,3,5,21,55,Rugby
569,15.3,4,2,0,0,5,25,11,Voleibol
570,14.1,3,1,1,2,4,40,15,Futbol
571,16.3,4,0,1,0,0,59,11,Futbol
572,18.6,4,2,0,2,3,32,16,Futbol
573,17.3,3,3,1,3,5,19,51,Rugby
574,13.7,4,1,0,0,5,33,99,Basketball
575,16.2,3,1,0,3,5,24,32,Rugby
576,15.4,6,2,1,3,3,27,55,Basketball
577,16.5,6,1,0,0,5,36,35,Voleibol
578,15.1,4,1,0,2,4,43,19,Futbol
579,19.0,5,2,0,1,3,28,32,Futbol
580,13.5,0,5,0,3,5,15,57,Rugby
581,15.1,2,6,1,2,3,60,8,Futbol
582,15.8,1,4,1,3,5,16,37,Rugby
583,15.1,3,1,0,1,5,32,17,Voleibol
584,13.5,4,1,1,0,3,30,11,Voleibol
585,17.9,4,4,1,0,0,27,35,Futbol
586,15.7,4,1,0,0,1,43,20,Futbol
587,18.9,4,6,1,0,5,53,4,Futbol
588,13.8,3,0,0,1,5,37,4,Voleibol
589,14.1,3,2,0,3,5,18,7,Rugby
590,18.8,4,1,0,0,5,28,95,Basketball
591,15.3,3,1,1,3,5,18,30,Rugby
592,18.1,7,1,0,2,1,43,35,Futbol
593,13.9,3,2,1,3,5,19,22,Rugby
594,16.0,5,1,1,0,3,54,7,Futbol
595,17.9,1,2,0,0,3,28,40,Rugby
596,13.8,4,4,1,1,5,33,11,Futbol
597,16.4,3,2,1,1,3,36,40,Futbol
598,16.1,3,2,1,3,5,19,42,Rugby
599,15.8,1,5,1,2,5,26,55,Rugby
600,14.2,3,1,1,1,3,42,21,Futbol
601,18.3,3,6,1,0,5,20,56,Rugby
602,18.1,1,1,1,3,5,29,43,Rugby
603,16.7,5,1,1,1,5,38,4,Voleibol
604,15.1,5,1,0,2,3,52,7,Futbol
605,13.2,1,1,1,2,4,42,7,Futbol
606,17.4,4,3,1,2,5,23,18,Rugby
607,17.4,5,6,0,2,3,34,4,Futbol
608,16.3,3,6,0,2,3,50,18,Futbol
609,18.4,5,1,1,1,3,37,54,Futbol
610,16.3,5,3,1,0,5,24,29,Voleibol
611,15.6,3,2,0,2,5,25,48,Basketball
612,16.6,4,2,0,2,5,22,7,Voleibol
613,16.3,1,2,1,3,5,18,75,Rugby
614,17.5,1,2,1,2,3,30,30,Rugby
615,14.7,3,1,0,3,5,21,35,Rugby
616,18.6,4,2,1,1,3,40,63,Rugby
617,15.4,0,6,0,3,5,16,66,Rugby
618,16.9,4,1,1,2,5,27,11,Voleibol
619,16.3,1,1,0,0,3,29,4,Voleibol
620,16.9,3,1,0,0,3,42,4,Voleibol
621,18.3,3,3,1,2,5,34,2,Futbol
622,17.6,3,2,0,3,5,20,21,Rugby
623,17.3,3,2,1,3,5,18,13,Rugby
624,14.9,6,1,0,2,3,32,75,Basketball
625,17.4,3,2,0,2,5,32,4,Futbol
626,16.1,7,2,1,3,5,29,32,Futbol
627,18.4,1,1,1,3,5,19,45,Rugby
628,15.8,5,4,1,3,5,25,4,Futbol
629,14.7,5,1,1,2,3,45,7,Futbol
630,18.6,5,1,1,3,5,45,7,Futbol
631,15.5,3,1,1,2,3,41,20,Futbol
632,16.4,5,1,1,0,5,24,8,Voleibol
633,13.4,5,1,1,1,3,68,9,Futbol
634,15.6,5,1,1,1,5,36,19,Voleibol
635,15.4,4,1,1,2,3,50,35,Futbol
636,14.6,3,5,1,3,5,19,23,Rugby
637,17.5,4,1,0,3,3,41,22,Futbol
638,16.5,3,0,1,2,5,22,5,Rugby
639,18.2,5,1,1,1,3,39,72,Futbol
640,17.2,1,1,1,1,5,40,40,Rugby
641,17.0,1,1,1,2,3,25,7,Rugby
642,13.0,6,0,1,2,5,45,47,Basketball
643,18.5,4,5,0,0,5,38,28,Futbol
644,17.1,5,1,1,2,3,61,7,Futbol
645,14.6,5,2,1,0,3,28,48,Futbol
646,15.4,4,6,1,3,5,22,40,Basketball
647,13.3,5,2,1,2,3,30,10,Futbol
648,16.0,2,1,1,2,1,46,40,Futbol
649,13.3,3,1,1,0,3,45,29,Futbol
650,16.9,4,3,1,3,5,22,16,Rugby
651,14.5,4,2,0,0,5,25,8,Voleibol
652,18.7,3,5,1,3,5,18,40,Rugby
653,15.0,4,2,0,3,5,25,2,Futbol
654,13.8,3,1,0,3,3,40,2,Futbol
655,13.4,7,1,1,2,5,37,7,Futbol
656,18.5,5,1,0,0,5,36,5,Voleibol
657,13.2,4,2,0,2,3,32,4,Futbol
658,13.9,4,1,0,2,5,27,18,Basketball
659,13.8,0,2,0,3,5,15,50,Rugby
660,13.4,5,1,0,2,1,49,28,Futbol
661,16.5,0,6,1,3,5,17,10,Rugby
662,14.7,4,3,1,3,5,25,43,Basketball
663,17.3,3,1,1,0,3,57,30,Futbol
664,13.5,4,1,1,0,3,35,41,Futbol
665,17.2,4,5,1,2,3,37,50,Futbol
666,18.3,5,2,1,3,3,34,54,Rugby
667,16.2,3,3,1,3,5,20,4,Rugby
668,16.0,2,1,0,2,3,44,32,Futbol
669,14.1,2,1,1,2,1,44,107,Rugby
670,16.9,4,1,1,0,3,37,29,Voleibol
671,15.2,3,1,1,2,5,36,30,Futbol
672,17.3,5,2,1,0,5,37,43,Voleibol
673,15.8,4,1,1,1,3,50,43,Futbol
674,14.1,4,2,0,2,0,26,29,Futbol
675,15.8,5,1,1,2,3,45,32,Futbol
676,13.2,3,2,0,3,5,18,35,Basketball
677,15.1,5,1,0,3,5,53,15,Futbol
678,13.4,4,1,0,1,3,28,8,Futbol
679,15.3,3,1,1,2,3,35,4,Futbol
680,18.4,4,2,0,2,3,44,40,Futbol
681,16.8,6,1,1,3,3,57,35,Futbol
682,13.6,3,6,1,1,5,21,4,Futbol
683,18.4,4,3,1,1,3,38,29,Futbol
684,18.7,3,6,1,0,3,35,11,Futbol
685,14.6,3,1,1,0,5,29,45,Voleibol
686,17.6,5,2,1,2,5,36,21,Futbol
687,13.9,0,1,0,3,5,15,28,Rugby
688,17.4,3,3,1,1,3,52,48,Futbol
689,18.1,4,2,1,2,5,25,4,Rugby
690,17.3,3,4,1,0,5,37,43,Futbol
691,13.0,1,1,1,3,5,22,22,Rugby
692,16.1,4,1,1,0,5,26,50,Voleibol
693,17.9,3,1,1,0,3,33,30,Voleibol
694,16.6,3,3,1,2,1,46,34,Futbol
695,13.2,3,1,1,0,5,36,11,Voleibol
696,14.5,6,1,0,3,1,48,4,Futbol
697,17.9,3,1,0,0,5,32,8,Voleibol
698,18.6,4,1,0,2,5,34,36,Rugby
699,17.0,3,5,1,1,3,53,35,Futbol
700,19.0,3,1,1,0,5,21,54,Rugby
701,13.8,4,1,0,2,3,44,3,Futbol
702,15.0,3,1,1,2,3,30,12,Futbol
703,16.6,3,1,0,3,5,17,47,Rugby
704,14.8,3,1,1,2,3,43,40,Futbol
705,18.7,0,2,0,3,5,16,29,Rugby
706,14.4,4,1,1,1,5,36,40,Voleibol
707,17.1,3,0,1,2,3,48,29,Futbol
708,15.5,1,1,1,0,3,32,4,Voleibol
709,18.8,3,2,0,2,3,27,20,Rugby
710,16.1,4,2,0,2,5,26,4,Futbol
711,14.9,4,1,0,2,3,57,34,Futbol
712,15.2,3,6,0,3,5,18,55,Basketball
713,14.1,2,1,1,2,3,46,61,Futbol
714,15.2,3,4,1,3,5,20,30,Rugby
715,18.2,5,6,1,2,3,42,17,Futbol
716,13.1,5,5,1,0,5,45,40,Futbol
717,16.8,4,3,0,1,3,40,8,Futbol
718,14.8,4,1,1,0,5,29,8,Voleibol
719,14.8,3,6,1,2,3,41,4,Futbol
720,18.0,0,0,1,3,5,16,29,Rugby
721,13.3,3,2,0,3,5,18,21,Basketball
722,17.4,6,1,1,3,3,59,4,Futbol
723,13.3,4,1,0,2,5,24,11,Voleibol
724,13.3,3,1,1,0,5,24,16,Voleibol
725,17.7,4,1,1,0,5,44,4,Voleibol
726,13.0,3,1,0,3,1,25,7,Futbol
727,14.8,3,1,1,2,6,61,4,Futbol
728,13.2,4,1,1,3,5,22,20,Basketball
729,17.2,3,1,1,3,0,18,4,Rugby
730,18.9,4,1,1,2,3,32,54,Rugby
731,17.2,2,1,1,2,3,34,66,Rugby
732,15.7,4,3,1,0,5,36,4,Voleibol
733,18.6,3,2,1,2,3,30,3,Rugby
734,18.4,4,1,1,0,3,45,2,Voleibol
735,15.7,4,1,1,0,3,43,39,Futbol
736,13.0,3,2,0,3,5,21,29,Basketball
737,14.2,5,2,1,2,3,51,54,Futbol
738,13.8,3,1,0,2,6,55,28,Futbol
739,16.8,3,2,0,1,3,29,40,Futbol
740,15.8,4,2,1,2,5,23,93,Basketball
741,13.7,4,1,1,0,5,24,35,Voleibol
742,13.7,4,4,1,2,5,43,4,Futbol
743,13.7,6,1,1,3,3,49,30,Futbol
744,16.2,4,1,0,3,3,25,11,Rugby
745,13.8,3,1,0,3,5,22,4,Futbol
746,17.6,7,1,1,0,3,45,45,Futbol
747,15.1,4,6,0,3,5,37,50,Basketball
748,18.5,1,1,1,3,5,16,40,Rugby
749,18.8,1,3,1,0,5,15,45,Rugby
750,14.6,4,1,1,3,5,22,55,Basketball
751,15.4,1,0,0,3,5,17,45,Rugby
752,18.8,4,2,1,1,5,37,3,Voleibol
753,19.0,3,1,1,0,3,40,23,Voleibol
754,17.8,2,1,1,3,5,25,99,Rugby
755,16.9,4,1,0,3,3,45,5,Futbol
756,18.9,5,3,1,2,5,27,48,Rugby
757,18.7,3,3,0,0,4,38,12,Voleibol
758,17.1,7,5,1,0,5,24,43,Voleibol
759,17.5,3,1,1,2,3,38,29,Rugby
760,14.5,6,2,1,3,1,53,7,Futbol
761,17.6,7,1,1,2,3,42,7,Futbol
762,16.4,1,1,1,3,5,14,50,Rugby
763,17.2,5,1,0,1,3,42,50,Futbol
764,14.8,4,4,1,0,5,25,75,Basketball
765,14.9,5,2,1,2,5,35,6,Futbol
766,18.0,4,1,1,2,1,51,2,Futbol
767,14.3,3,1,1,2,1,69,2,Futbol
768,15.2,0,6,0,3,5,17,50,Rugby
769,13.9,4,1,1,3,5,24,64,Basketball
770,13.1,3,2,1,0,3,49,89,Futbol
771,13.7,3,1,0,3,5,20,39,Basketball
772,15.3,4,1,0,3,3,42,4,Futbol
773,13.8,3,1,1,0,3,45,4,Voleibol
774,14.0,3,1,0,3,5,19,40,Basketball
775,16.1,1,1,0,3,5,25,54,Rugby
776,16.8,7,1,0,0,5,37,8,Voleibol
777,16.0,4,3,0,0,4,38,18,Voleibol
778,16.5,5,1,1,3,5,27,100,Basketball
779,14.7,3,1,1,2,5,38,8,Futbol
780,14.7,4,1,1,2,5,27,11,Voleibol
781,14.3,5,2,1,1,3,42,19,Futbol
782,17.6,4,3,1,0,3,37,4,Futbol
783,16.5,1,3,1,3,5,21,48,Rugby
784,16.0,5,2,1,2,3,35,7,Futbol
785,13.6,7,1,1,0,5,19,61,Basketball
786,14.7,4,1,0,2,3,27,35,Futbol
787,17.9,5,1,1,0,3,36,43,Voleibol
788,15.5,3,2,1,1,3,51,4,Futbol
789,13.6,5,1,0,1,5,28,55,Basketball
790,15.6,4,2,1,0,5,32,28,Voleibol
791,16.6,5,6,1,2,3,61,18,Futbol
792,17.0,0,2,0,3,5,14,103,Rugby
793,16.5,2,1,0,3,3,28,21,Rugby
794,13.3,4,2,1,0,5,28,20,Voleibol
795,13.9,3,6,0,2,1,54,7,Futbol
796,15.8,4,3,0,2,5,24,34,Basketball
797,17.5,5,1,1,2,3,51,19,Futbol
798,13.8,3,1,1,3,5,23,38,Rugby
799,14.9,0,1,1,3,5,18,55,Rugby
800,17.5,3,1,0,0,3,35,45,Voleibol
801,13.1,1,1,0,3,5,19,8,Rugby
802,16.2,1,1,1,3,5,17,45,Rugby
803,15.6,4,1,0,0,3,32,8,Voleibol
804,14.8,2,1,1,1,3,57,40,Futbol
805,14.1,5,1,0,1,5,28,8,Voleibol
806,18.3,5,1,0,3,6,44,12,Futbol
807,14.1,3,0,1,3,5,23,9,Rugby
808,15.5,4,5,0,0,5,23,4,Voleibol
809,13.9,3,1,0,0,5,25,43,Basketball
810,15.2,4,2,1,2,5,29,4,Futbol
811,18.3,1,1,1,0,3,37,54,Rugby
812,16.4,3,6,0,1,3,41,40,Futbol
813,18.3,6,1,0,3,3,44,44,Futbol
814,13.9,5,2,1,3,3,25,54,Basketball
815,14.5,5,2,1,0,3,34,4,Voleibol
816,17.0,6,1,1,3,3,47,100,Basketball
817,13.5,4,2,0,2,0,38,7,Futbol
818,13.7,0,1,0,3,5,16,68,Rugby
819,17.3,4,1,1,2,5,27,4,Voleibol
820,17.1,4,2,1,0,5,24,21,Voleibol
821,13.2,0,1,1,0,1,38,55,Futbol
822,16.6,4,5,1,2,3,29,4,Futbol
823,13.7,5,3,1,0,5,29,55,Basketball
824,13.4,1,3,1,1,3,32,4,Futbol
825,16.8,5,1,1,2,1,31,8,Futbol
826,13.7,4,6,1,3,5,23,50,Basketball
827,16.5,2,6,1,2,5,42,29,Futbol
828,14.0,5,1,1,0,0,47,72,Futbol
829,17.3,5,1,0,3,3,61,7,Futbol
830,16.3,5,1,0,0,5,56,5,Voleibol
831,18.3,3,2,1,0,3,23,7,Voleibol
832,18.9,3,1,1,2,1,48,4,Futbol
833,16.4,4,1,0,3,3,45,4,Futbol
834,14.4,4,1,1,1,3,49,43,Futbol
835,13.1,4,1,0,2,3,41,95,Basketball
836,14.5,3,0,1,0,5,23,66,Basketball
837,17.6,3,1,0,0,1,23,4,Voleibol
838,16.2,4,1,1,0,3,37,35,Voleibol
839,15.9,3,1,0,2,5,37,32,Futbol
840,18.3,3,1,1,3,5,20,11,Rugby
841,13.9,1,1,1,3,5,17,28,Rugby
842,14.8,1,1,1,3,5,20,35,Rugby
843,15.3,3,4,0,2,5,26,47,Basketball
844,15.1,3,4,1,3,5,22,5,Futbol
845,14.3,1,6,1,0,0,39,29,Futbol
846,15.0,3,3,1,0,3,27,41,Futbol
847,15.4,1,1,0,3,5,18,51,Rugby
848,18.1,5,1,1,2,3,33,8,Futbol
849,13.5,7,1,1,2,3,52,28,Futbol
850,15.8,4,1,0,0,3,35,7,Voleibol
851,13.5,5,2,1,0,5,25,43,Voleibol
852,18.2,3,1,0,1,3,41,43,Futbol
853,14.8,5,2,1,3,5,27,12,Futbol
854,13.2,2,1,0,1,1,36,29,Futbol
855,16.5,4,1,1,3,5,21,61,Rugby
856,16.6,3,1,1,2,3,35,36,Rugby
857,13.4,6,1,0,3,3,54,17,Futbol
858,17.6,3,6,0,3,5,18,43,Rugby
859,17.5,3,1,0,2,3,40,8,Futbol
860,16.1,3,2,0,3,5,21,29,Rugby
861,18.4,6,1,1,2,3,38,18,Futbol
862,18.8,7,3,1,3,5,22,4,Futbol
863,18.5,1,2,1,3,5,14,2,Rugby
864,15.9,4,1,0,3,3,28,18,Futbol
865,13.9,3,1,1,2,3,43,54,Futbol
866,16.2,4,3,1,0,3,35,55,Futbol
867,15.0,4,2,1,2,5,27,102,Basketball
868,14.5,1,1,0,3,5,18,19,Rugby
869,17.9,3,2,1,3,5,20,4,Rugby
870,16.6,5,1,0,2,5,27,60,Basketball
871,18.7,3,1,1,2,5,29,103,Rugby
872,15.9,5,1,1,2,3,41,40,Futbol
873,15.7,3,2,0,0,5,33,29,Voleibol
874,14.4,2,1,1,0,3,34,98,Basketball
875,18.5,3,2,1,3,5,41,2,Rugby
876,16.7,1,3,1,3,5,17,11,Rugby
877,15.1,5,2,1,1,0,28,32,Futbol
878,18.0,6,1,1,3,1,41,4,Futbol
879,13.4,4,5,1,0,5,21,27,Voleibol
880,18.1,1,2,1,1,3,33,12,Rugby
881,18.8,4,1,1,3,5,34,8,Rugby
882,14.5,1,1,1,3,5,19,45,Rugby
883,14.7,0,3,1,3,5,13,4,Rugby
884,18.1,3,2,1,3,5,20,32,Rugby
885,17.1,5,1,0,3,5,26,29,Rugby
886,17.7,4,1,0,2,5,26,29,Rugby
887,14.6,4,1,1,2,0,48,43,Futbol
888,14.2,3,6,1,3,5,18,55,Basketball
889,14.6,3,1,1,2,3,27,48,Rugby
890,14.2,4,3,1,0,3,39,75,Futbol
891,16.7,5,1,1,3,3,60,4,Futbol
892,13.2,7,1,1,0,3,57,2,Futbol
893,16.1,3,5,1,1,3,30,40,Futbol
894,16.5,1,6,1,3,5,15,21,Rugby
895,16.9,3,5,1,3,5,23,50,Rugby
896,13.7,4,5,1,0,5,30,23,Futbol
897,17.4,5,1,1,1,3,44,7,Futbol
898,18.6,4,1,0,2,1,39,29,Futbol
899,14.8,2,1,1,2,5,46,29,Futbol
900,16.1,5,1,0,3,3,36,16,Futbol
901,13.3,4,1,1,2,5,53,0,Futbol
902,15.0,4,3,1,1,3,53,48,Futbol
903,17.3,3,2,1,0,5,19,55,Rugby
904,13.5,3,2,1,3,5,21,45,Basketball
905,13.2,1,1,0,1,6,40,4,Voleibol
906,15.2,3,1,1,1,1,67,8,Futbol
907,16.6,4,2,1,1,3,42,16,Futbol
908,15.0,3,0,1,0,5,52,2,Voleibol
909,18.9,3,1,0,3,3,40,43,Rugby
910,14.1,4,1,1,0,5,24,5,Voleibol
911,14.5,3,2,0,3,5,22,22,Rugby
912,14.0,4,2,1,2,3,29,28,Futbol
913,17.0,5,2,1,0,3,31,29,Voleibol
914,14.2,1,1,1,2,3,43,25,Futbol
915,14.1,4,3,1,1,5,23,40,Basketball
916,14.1,6,2,0,3,3,50,40,Futbol
917,16.8,5,2,0,2,5,36,7,Futbol
918,18.0,2,2,1,0,5,37,48,Voleibol
919,16.9,2,1,1,2,3,44,16,Futbol
920,16.3,4,1,0,3,3,50,17,Futbol
921,18.3,3,1,0,3,3,26,4,Rugby
922,15.5,4,4,0,0,1,47,43,Futbol
923,14.5,3,1,0,3,5,29,18,Rugby
924,15.5,3,1,0,0,3,40,29,Voleibol
925,13.9,2,6,1,2,3,37,45,Futbol
926,15.6,3,1,1,3,5,40,19,Futbol
927,18.4,3,2,1,1,3,37,11,Futbol
928,13.2,3,1,0,3,5,21,5,Basketball
929,14.4,1,2,1,1,3,46,54,Futbol
930,18.3,5,1,1,0,3,27,29,Voleibol
931,18.8,4,6,1,0,1,46,8,Futbol
932,14.6,0,1,1,3,0,16,27,Rugby
933,13.2,3,3,1,3,5,23,40,Basketball
934,13.5,3,6,1,1,3,34,29,Futbol
935,16.2,3,1,1,2,3,45,7,Futbol
936,17.1,4,4,0,0,5,26,4,Voleibol
937,17.8,4,1,1,0,3,60,55,Futbol
938,16.2,7,1,0,0,3,47,42,Futbol
939,17.0,3,1,1,2,3,35,43,Rugby
940,18.1,5,1,1,0,3,32,11,Voleibol
941,17.7,4,2,1,0,5,28,21,Voleibol
942,18.1,5,2,0,3,5,30,47,Rugby
943,14.0,1,1,1,3,5,18,12,Rugby
944,17.8,7,1,1,2,1,37,20,Futbol
945,17.8,4,6,0,0,0,30,5,Futbol
946,16.0,4,3,0,2,6,51,14,Futbol
947,14.1,4,0,1,1,3,56,40,Futbol
948,14.2,3,1,1,1,3,57,99,Basketball
949,14.2,4,1,0,3,3,25,32,Futbol
950,17.3,3,3,1,3,5,22,18,Rugby
951,16.8,3,4,0,0,3,34,20,Futbol
952,16.4,3,2,1,1,3,42,48,Futbol
953,13.6,5,1,1,3,3,58,7,Futbol
954,17.2,3,1,1,0,3,38,8,Voleibol
955,16.0,1,1,1,1,3,40,54,Rugby
956,13.2,5,1,1,3,3,54,15,Futbol
957,17.1,0,1,1,3,5,15,47,Rugby
958,15.8,3,6,1,0,5,33,11,Futbol
959,16.7,2,1,1,2,5,64,4,Futbol
960,14.3,1,1,1,3,5,21,30,Rugby
961,16.9,5,2,1,2,3,54,8,Futbol
962,14.1,5,1,1,1,3,33,56,Futbol
963,18.5,1,2,0,3,5,18,28,Rugby
964,15.8,1,1,1,1,5,32,20,Rugby
965,18.8,6,2,0,3,5,32,29,Rugby
966,14.7,0,5,1,2,4,33,15,Futbol
967,13.6,4,2,1,3,3,23,40,Futbol
968,13.3,4,1,1,2,3,38,56,Futbol
969,17.6,3,2,1,3,5,25,65,Rugby
970,15.6,3,1,1,0,3,33,24,Voleibol
971,18.4,1,2,1,0,5,18,34,Rugby
972,14.8,1,5,1,0,3,29,78,Futbol
973,14.6,4,1,1,0,3,31,30,Voleibol
974,18.6,2,1,1,0,3,43,8,Voleibol
975,16.0,5,2,1,1,3,29,32,Futbol
976,18.4,4,1,1,2,3,40,2,Futbol
977,14.8,3,1,0,1,3,56,40,Futbol
978,18.5,4,1,1,0,3,38,40,Voleibol
979,16.0,1,1,0,3,5,18,63,Rugby
980,18.6,1,6,1,3,5,18,41,Rugby
981,16.2,1,2,1,3,5,19,59,Rugby
982,16.9,3,2,1,3,5,19,20,Rugby
983,13.3,1,0,1,3,5,18,37,Rugby
984,18.8,4,1,0,2,5,49,29,Futbol
985,17.3,4,1,1,3,5,23,64,Rugby
986,18.4,5,2,1,1,3,42,64,Futbol
987,15.8,4,2,0,2,5,33,4,Futbol
988,17.6,5,2,1,0,3,45,68,Futbol
989,15.1,5,2,0,3,5,27,50,Basketball
990,16.9,5,5,1,2,3,39,20,Futbol
991,17.3,4,1,0,0,5,25,37,Voleibol
992,14.3,5,2,1,1,3,37,55,Futbol
993,17.7,1,2,1,3,5,16,35,Rugby
994,16.6,1,0,1,3,5,15,92,Rugby
995,16.9,1,2,1,1,3,47,63,Rugby
996,14.7,1,1,1,3,5,18,55,Rugby
997,14.0,3,1,1,3,5,21,66,Rugby
998,13.1,4,1,1,2,3,43,8,Futbol
999,13.1,3,1,1,1,3,27,4,Futbol
1000,15.8,5,1,1,2,5,27,72,Basketball
1001,17.4,3,5,1,3,5,26,35,Rugby
1002,18.1,4,3,1,2,3,63,28,Futbol
1003,13.8,4,1,0,2,3,39,0,Futbol
1004,17.3,3,1,0,2,3,39,11,Futbol
1005,13.0,4,1,1,3,5,28,98,Basketball
1006,17.8,5,1,1,3,5,26,7,Rugby
1007,15.3,4,4,1,1,5,55,40,Futbol
1008,17.9,5,1,1,2,5,50,7,Futbol
1009,15.6,4,1,1,0,5,24,23,Voleibol
1010,13.7,4,1,1,1,3,69,48,Futbol
1011,16.3,5,4,1,2,3,41,66,Futbol
1012,14.8,5,1,1,2,3,49,41,Futbol
1013,18.8,3,1,0,3,3,49,33,Rugby
1014,13.9,7,1,1,2,1,42,23,Futbol
1015,18.7,4,6,1,2,6,69,1,Futbol
1016,16.6,3,2,0,0,5,21,4,Voleibol
1017,17.2,1,1,1,2,3,34,18,Rugby
1018,14.4,4,0,1,0,3,35,54,Voleibol
1019,16.1,5,1,0,0,5,40,36,Voleibol
1020,14.8,3,6,0,2,3,49,7,Futbol
1021,18.1,5,6,1,1,1,49,53,Futbol
1022,14.7,5,1,1,0,5,26,35,Voleibol
1023,18.0,5,1,1,2,3,31,64,Rugby
1024,17.0,2,1,1,2,1,64,34,Futbol
1025,15.1,5,1,1,2,5,42,7,Futbol
1026,17.6,4,1,0,3,5,21,88,Rugby
1027,17.9,4,1,1,1,3,54,7,Futbol
1028,14.0,3,1,1,1,3,44,29,Futbol
1029,18.7,4,1,1,0,3,45,48,Futbol
1030,17.8,4,3,1,3,5,23,54,Rugby
1031,14.6,3,0,0,3,5,21,0,Rugby
1032,13.4,1,1,1,0,3,24,29,Voleibol
1033,16.0,4,1,1,1,3,51,35,Futbol
1034,16.4,3,1,1,1,5,24,54,Rugby
1035,18.4,4,4,1,2,5,23,11,Rugby
1036,16.0,4,1,0,2,5,27,55,Basketball
1037,14.7,3,1,0,0,3,30,2,Voleibol
1038,14.7,3,2,1,3,5,20,34,Rugby
1039,18.6,3,1,1,3,5,19,11,Rugby
1040,18.8,1,1,0,3,5,17,37,Rugby
1041,15.5,4,2,0,1,5,23,98,Basketball
1042,18.4,7,1,0,2,3,33,11,Futbol
1043,16.2,1,1,1,1,3,48,33,Futbol
1044,17.6,3,1,1,0,3,50,7,Voleibol
1045,13.6,1,6,0,3,5,19,55,Basketball
1046,15.1,5,5,1,1,3,35,65,Futbol
1047,13.5,4,6,1,1,3,41,21,Futbol
1048,14.0,5,1,0,1,3,38,43,Futbol
1049,18.8,4,2,1,0,5,25,18,Voleibol
1050,17.6,5,1,1,2,1,50,11,Futbol
1051,13.4,5,2,0,3,1,60,20,Futbol
1052,15.5,4,1,1,3,5,23,15,Rugby
1053,16.4,7,1,0,0,3,28,14,Voleibol
1054,18.3,0,6,1,3,5,17,12,Rugby
1055,18.3,1,2,1,0,3,30,20,Rugby
1056,18.4,5,2,1,2,3,40,43,Futbol
1057,13.8,3,2,1,0,5,33,4,Voleibol
1058,18.6,1,2,1,2,3,34,29,Rugby
1059,16.2,2,1,0,2,5,32,48,Rugby
1060,17.8,1,0,0,1,3,33,18,Rugby
1061,15.9,2,0,1,2,3,44,51,Rugby
1062,17.5,5,1,1,1,3,50,15,Futbol
1063,14.0,1,2,1,2,5,31,28,Rugby
1064,18.6,3,3,1,2,5,29,15,Rugby
1065,13.8,4,5,1,1,3,57,30,Futbol
1066,18.8,4,3,1,0,5,28,54,Voleibol
1067,18.6,4,1,0,1,3,30,41,Rugby
1068,18.5,3,1,0,3,3,31,43,Rugby
1069,16.3,5,2,1,1,5,46,50,Futbol
1070,17.3,4,1,1,1,3,54,54,Futbol
1071,15.8,3,3,1,1,4,23,40,Futbol
1072,15.3,4,1,1,3,5,23,15,Rugby
1073,14.9,5,1,0,0,3,43,35,Futbol
1074,13.1,5,3,1,2,3,27,40,Futbol
1075,18.2,5,2,1,3,3,28,11,Rugby
1076,18.5,5,1,1,0,3,47,4,Voleibol
1077,15.7,4,1,1,0,3,46,11,Voleibol
1078,14.1,3,1,1,3,3,37,7,Futbol
1079,15.7,3,2,1,0,5,19,96,Basketball
1080,16.8,3,1,1,0,3,39,50,Futbol
1081,16.8,1,1,0,3,5,18,29,Rugby
1082,18.2,5,2,0,3,0,31,48,Rugby
1083,13.2,3,1,1,2,1,54,8,Futbol
1084,14.2,3,6,0,3,5,18,40,Basketball
1085,18.6,5,6,1,2,5,37,20,Futbol
1086,16.6,3,3,0,0,3,30,48,Futbol
1087,14.9,5,2,0,3,3,43,7,Futbol
1088,17.4,4,1,1,2,5,30,5,Voleibol
1089,18.9,7,2,1,0,3,29,20,Voleibol
1090,16.4,7,1,1,0,5,26,119,Basketball
1091,17.2,5,5,1,1,5,34,28,Futbol
1092,13.8,3,1,1,2,5,44,14,Futbol
1093,15.1,4,5,1,0,1,29,19,Futbol
1094,17.4,3,1,1,0,5,20,27,Voleibol
1095,15.0,3,1,0,3,5,18,19,Rugby
1096,15.1,4,1,1,3,3,36,75,Rugby
1097,14.5,1,1,1,0,1,51,30,Futbol
1098,13.1,5,1,0,0,3,49,18,Futbol
1099,16.0,3,2,0,0,3,31,10,Voleibol
1100,17.6,3,2,0,0,3,36,2,Voleibol
1101,15.0,2,1,0,2,1,41,8,Futbol
1102,17.2,4,2,1,1,3,48,54,Futbol
1103,15.1,3,1,1,0,3,53,5,Futbol
1104,14.0,3,1,1,3,5,18,32,Rugby
1105,18.0,4,1,1,0,3,33,4,Voleibol
1106,18.2,0,2,1,3,5,16,50,Rugby
1107,16.1,3,3,1,3,0,22,41,Rugby
1108,18.5,3,1,1,1,5,33,40,Rugby
1109,14.9,6,1,1,3,3,41,54,Futbol
1110,17.7,5,1,1,1,3,48,40,Futbol
1111,14.7,3,2,1,0,3,45,40,Futbol
1112,17.8,4,1,1,2,5,27,0,Voleibol
1113,13.4,3,2,0,0,1,49,4,Futbol
1114,18.5,4,1,0,0,3,23,12,Voleibol
1115,18.8,2,1,1,3,5,28,87,Rugby
1116,14.2,4,1,1,2,3,30,28,Futbol
1117,15.9,4,1,1,3,3,43,20,Futbol
1118,17.2,4,1,1,1,5,31,29,Voleibol
1119,18.9,4,6,0,0,3,28,18,Futbol
1120,15.5,3,4,0,1,5,32,5,Futbol
1121,18.9,3,1,1,2,3,54,4,Futbol
1122,13.4,3,6,1,1,3,44,30,Futbol
1123,15.5,1,1,1,0,5,27,54,Rugby
1124,13.7,5,1,1,0,3,42,54,Futbol
1125,14.5,3,3,1,2,3,33,4,Futbol
1126,17.9,6,1,1,0,3,50,48,Futbol
1127,16.9,6,3,1,0,3,42,30,Futbol
1128,16.9,5,2,1,2,3,29,22,Futbol
1129,16.4,4,2,1,0,3,29,21,Voleibol
1130,16.7,4,1,1,0,5,42,19,Voleibol
1131,18.3,4,1,0,1,5,26,29,Voleibol
1132,15.9,3,2,1,3,5,20,34,Rugby
1133,15.4,4,0,1,2,5,27,95,Basketball
1134,15.2,6,0,0,3,5,20,55,Basketball
1135,18.1,4,1,1,1,1,34,4,Futbol
1136,13.3,4,2,1,3,5,22,4,Futbol
1137,15.8,4,1,0,2,5,23,23,Basketball
1138,17.0,3,1,1,2,1,32,2,Futbol
1139,13.5,1,1,1,3,5,16,48,Rugby
1140,18.2,1,1,0,1,5,18,40,Rugby
1141,16.8,3,2,1,2,3,27,31,Rugby
1142,14.9,3,1,0,3,5,19,20,Rugby
1143,18.1,4,1,1,2,3,41,19,Futbol
1144,18.9,3,1,1,3,5,21,11,Rugby
1145,13.1,5,1,1,2,0,43,63,Futbol
1146,15.3,4,2,1,0,3,28,0,Voleibol
1147,14.1,3,1,0,2,5,24,4,Voleibol
1148,16.3,3,1,0,0,5,33,8,Voleibol
1149,14.9,4,1,1,0,5,23,2,Voleibol
1150,14.9,2,1,1,2,4,45,29,Futbol
1151,14.1,5,2,1,3,3,32,40,Futbol
1152,17.5,5,1,1,2,1,46,40,Futbol
1153,17.6,4,1,1,2,5,22,29,Rugby
1154,16.2,3,1,1,0,5,26,20,Voleibol
1155,14.5,3,1,1,0,3,46,4,Voleibol
1156,13.6,4,1,1,0,3,23,20,Voleibol
1157,14.9,4,2,0,1,5,26,5,Voleibol
1158,15.5,3,2,1,0,5,21,8,Voleibol
1159,13.0,6,1,1,3,3,61,5,Futbol
1160,17.0,3,1,1,0,5,23,20,Voleibol
1161,17.0,4,2,0,0,3,36,40,Futbol
1162,14.8,4,2,1,0,3,32,18,Voleibol
1163,17.3,7,6,1,0,5,24,30,Futbol
1164,17.8,4,2,1,3,5,22,56,Rugby
1165,16.3,5,1,1,1,3,51,52,Futbol
1166,16.5,4,1,1,2,5,45,8,Futbol
1167,14.1,2,5,1,2,3,32,55,Futbol
1168,13.5,4,2,1,3,5,26,29,Basketball
1169,15.1,4,2,0,0,5,43,43,Voleibol
1170,15.6,6,1,1,3,3,56,6,Futbol
1171,16.8,1,6,0,3,5,22,89,Rugby
1172,17.8,4,4,1,1,3,36,0,Futbol
1173,15.2,4,3,0,0,5,27,25,Voleibol
1174,16.6,3,2,1,3,5,20,51,Rugby
1175,14.6,3,1,0,0,3,35,48,Futbol
1176,13.8,3,1,1,0,1,66,91,Futbol
1177,16.3,1,1,0,1,3,42,35,Futbol
1178,14.9,7,1,0,2,1,50,45,Futbol
1179,17.3,4,1,1,0,5,30,19,Voleibol
1180,15.6,5,3,1,1,3,35,29,Futbol
1181,18.6,5,6,1,2,3,46,35,Futbol
1182,13.6,4,6,1,0,3,30,7,Futbol
1183,16.0,3,1,0,1,3,39,10,Futbol
1184,13.7,5,1,1,0,3,29,4,Voleibol
1185,16.2,2,1,1,2,3,55,48,Futbol
1186,17.6,3,1,1,1,1,42,8,Futbol
1187,18.4,3,1,1,3,3,26,48,Rugby
1188,17.5,5,1,0,2,5,27,4,Voleibol
1189,18.1,1,1,0,2,3,35,30,Rugby
1190,17.1,4,6,0,3,5,20,23,Rugby
1191,17.1,4,5,1,0,3,33,7,Futbol
1192,17.3,3,1,0,1,3,51,51,Futbol
1193,13.8,3,1,0,1,3,39,5,Futbol
1194,19.0,3,1,0,3,5,18,28,Rugby
1195,13.7,3,2,1,3,5,20,36,Rugby
1196,18.3,5,1,1,3,5,28,97,Rugby
1197,17.2,3,5,1,3,5,25,48,Rugby
1198,18.2,1,1,1,1,3,62,4,Futbol
1199,13.7,3,2,0,3,5,19,29,Basketball
1200,13.6,4,2,1,2,3,32,29,Futbol
1201,14.3,3,1,1,0,5,52,43,Voleibol
1202,15.9,7,6,0,2,0,56,4,Futbol
1203,17.6,5,1,1,2,3,41,59,Futbol
1204,18.6,3,1,1,0,4,47,23,Voleibol
1205,17.9,4,2,0,2,3,24,11,Futbol
1206,14.7,1,0,1,3,5,20,29,Rugby
1207,16.5,4,1,1,2,3,42,4,Futbol
1208,13.0,5,1,1,1,3,50,37,Futbol
1209,14.2,3,2,0,3,5,28,40,Basketball
1210,16.5,4,2,1,0,5,28,55,Voleibol
1211,16.4,7,5,0,2,1,26,6,Futbol
1212,13.6,4,1,0,3,3,52,7,Futbol
1213,16.7,3,1,0,1,3,52,7,Futbol
1214,18.8,4,1,0,0,1,50,4,Futbol
1215,14.3,5,1,1,1,3,65,7,Futbol
1216,16.0,3,2,1,3,5,26,55,Rugby
1217,17.7,4,2,0,0,3,38,43,Futbol
1218,13.6,4,2,1,0,3,43,35,Futbol
1219,13.5,3,5,1,3,5,22,72,Basketball
1220,14.8,3,2,0,0,3,36,4,Voleibol
1221,18.6,3,2,1,1,5,23,39,Rugby
1222,14.0,2,1,1,2,3,72,103,Futbol
1223,14.1,3,3,1,2,5,24,13,Futbol
1224,18.0,2,2,1,3,3,50,30,Rugby
1225,18.9,5,1,0,1,6,59,11,Voleibol
1226,16.4,3,1,1,3,5,23,40,Rugby
1227,14.8,4,1,1,0,4,39,40,Voleibol
1228,17.4,3,1,1,2,1,59,5,Futbol
1229,15.4,3,6,1,1,3,78,4,Futbol
1230,17.6,3,1,1,0,3,55,11,Futbol
1231,15.6,1,5,1,3,5,19,29,Rugby
1232,17.5,3,6,0,3,5,18,29,Rugby
1233,15.4,3,2,1,3,5,18,8,Rugby
1234,17.0,3,1,0,0,3,31,44,Voleibol
1235,17.2,3,1,1,1,5,41,20,Voleibol
1236,19.0,4,1,1,0,3,28,4,Voleibol
1237,16.9,3,2,1,1,5,20,23,Rugby
1238,15.1,7,2,1,1,1,36,32,Futbol
1239,13.5,0,1,1,3,5,14,29,Rugby
1240,14.2,4,1,1,2,5,23,55,Basketball
1241,14.1,7,1,0,2,5,40,16,Futbol
1242,14.6,4,0,1,0,3,33,50,Voleibol
1243,18.7,7,1,1,2,3,52,45,Futbol
1244,18.5,3,1,1,3,5,20,55,Rugby
1245,16.9,4,1,0,0,3,25,50,Voleibol
1246,17.6,1,1,1,2,1,60,4,Futbol
1247,15.9,3,1,1,1,1,41,19,Futbol
1248,18.8,1,3,1,0,3,31,54,Rugby
1249,16.6,3,3,1,0,5,23,28,Voleibol
1250,13.2,3,1,1,1,5,19,10,Voleibol
1251,16.0,3,2,1,0,5,28,4,Voleibol
1252,14.5,6,1,1,3,5,35,7,Futbol
1253,14.8,3,1,0,1,5,47,30,Futbol
1254,14.8,3,1,0,3,5,20,66,Basketball
1255,15.0,2,1,1,2,3,54,50,Futbol
1256,14.4,5,1,0,0,3,24,48,Basketball
1257,17.2,7,6,1,2,3,40,48,Futbol
1258,13.1,3,1,1,3,1,55,50,Futbol
1259,14.7,3,6,1,2,3,50,50,Futbol
1260,16.5,5,2,1,0,3,30,19,Voleibol
1261,13.8,4,2,0,2,5,23,29,Basketball
1262,14.7,4,6,1,2,3,46,32,Futbol
1263,13.8,5,1,1,2,3,50,56,Futbol
1264,18.0,4,2,1,0,3,38,6,Voleibol
1265,15.6,1,6,0,3,5,18,54,Rugby
1266,14.4,4,1,0,1,3,32,29,Futbol
1267,18.4,1,1,1,3,5,24,72,Rugby
1268,18.3,3,6,1,3,0,21,32,Rugby
1269,17.6,3,5,1,0,3,35,37,Futbol
1270,18.8,3,2,0,3,5,21,35,Rugby
1271,13.3,0,1,1,3,5,19,55,Rugby
1272,18.6,6,2,1,0,3,47,32,Futbol
1273,15.6,1,0,1,0,5,45,4,Voleibol
1274,18.7,3,4,0,3,5,20,8,Rugby
1275,16.3,5,1,1,3,1,48,28,Futbol
1276,17.7,4,1,1,0,5,22,55,Voleibol
1277,14.6,4,4,0,2,5,44,11,Futbol
1278,17.8,3,1,1,2,5,29,29,Rugby
1279,13.9,4,4,1,0,5,21,29,Voleibol
1280,16.7,3,1,1,0,5,28,59,Voleibol
1281,18.0,3,1,0,3,1,35,45,Rugby
1282,14.6,3,1,0,3,5,19,12,Rugby
1283,15.8,4,2,1,2,5,65,40,Futbol
1284,14.9,5,2,0,3,3,56,8,Futbol
1285,13.7,5,1,0,1,3,42,50,Futbol
1286,19.0,3,2,1,3,5,19,4,Rugby
1287,14.7,1,2,1,3,5,17,29,Rugby
1288,16.9,1,1,0,2,3,38,54,Rugby
1289,15.7,3,1,1,2,3,56,4,Futbol
1290,18.2,4,1,0,2,3,27,48,Rugby
1291,16.6,5,2,1,2,3,51,0,Futbol
1292,13.3,4,1,0,0,5,24,29,Voleibol
1293,15.8,3,1,1,1,3,44,45,Futbol
1294,16.6,5,1,0,3,1,43,28,Futbol
1295,17.2,3,1,1,1,3,72,4,Futbol
1296,18.8,3,2,0,3,5,30,4,Rugby
1297,13.7,4,2,0,0,5,33,30,Voleibol
1298,17.2,4,1,1,2,5,51,7,Futbol
1299,14.3,4,1,0,2,3,42,103,Basketball
1300,17.6,3,1,1,0,3,47,32,Futbol
1301,13.3,3,1,1,3,5,19,43,Rugby
1302,14.0,4,6,0,2,6,47,14,Futbol
1303,15.7,3,1,0,3,5,21,30,Rugby
1304,16.0,4,1,0,2,5,50,50,Futbol
1305,18.4,4,1,0,2,5,24,20,Rugby
1306,17.8,4,1,0,2,5,22,19,Rugby
1307,15.6,4,1,1,2,3,49,54,Futbol
1308,17.7,4,1,1,0,3,42,43,Futbol
1309,18.2,4,1,1,2,4,35,45,Rugby
1310,15.7,3,5,1,0,1,39,7,Futbol
1311,18.1,3,1,0,2,3,55,7,Futbol
1312,18.2,7,2,0,0,5,21,45,Voleibol
1313,14.4,4,1,1,0,4,35,37,Voleibol
1314,18.0,4,2,1,3,3,35,54,Rugby
1315,17.2,2,3,1,2,3,40,19,Futbol
1316,16.2,3,2,1,0,3,36,43,Futbol
1317,13.2,3,1,1,1,5,41,16,Voleibol
1318,14.1,3,2,1,1,3,28,29,Futbol
1319,17.2,5,5,1,1,5,41,90,Basketball
1320,18.0,4,1,1,2,3,45,63,Rugby
1321,17.4,3,5,1,0,5,27,4,Voleibol
1322,17.8,3,4,1,0,5,37,28,Voleibol
1323,15.6,4,1,1,0,3,23,2,Voleibol
1324,17.1,4,1,1,3,3,51,40,Futbol
1325,16.4,3,5,1,0,5,20,63,Basketball
1326,17.7,1,2,1,1,3,44,4,Futbol
1327,17.9,4,1,0,0,3,31,30,Voleibol
1328,16.5,2,1,1,2,3,80,45,Futbol
1329,15.2,3,2,0,2,3,35,54,Futbol
1330,16.4,4,2,1,1,3,39,5,Futbol
1331,15.1,3,1,0,0,3,54,32,Futbol
1332,15.0,5,5,1,2,5,25,29,Futbol
1333,18.1,5,1,1,0,5,24,50,Voleibol
1334,16.3,4,1,1,0,5,27,21,Voleibol
1335,13.8,4,1,0,3,3,40,55,Basketball
1336,13.4,1,0,1,1,3,39,40,Futbol
1337,15.9,4,1,1,2,5,21,29,Rugby
1338,16.4,3,1,1,0,3,55,6,Futbol
1339,16.2,5,5,0,2,5,27,55,Basketball
1340,15.6,1,2,1,1,1,37,75,Rugby
1341,18.7,1,1,0,3,5,18,13,Rugby
1342,16.3,4,1,1,0,3,36,30,Voleibol
1343,15.4,7,1,0,2,1,39,12,Futbol
1344,14.9,5,2,1,3,3,25,20,Futbol
1345,14.2,5,1,1,1,3,30,102,Basketball
1346,14.9,4,1,0,2,5,24,4,Voleibol
1347,17.1,4,1,0,2,3,69,3,Futbol
1348,16.5,4,1,0,1,1,63,7,Futbol
1349,15.7,4,1,0,2,5,38,55,Basketball
1350,17.1,3,2,1,3,5,19,18,Rugby
1351,18.5,4,1,1,1,5,49,4,Voleibol
1352,13.5,3,0,1,3,5,19,72,Basketball
1353,16.0,3,2,1,2,5,46,7,Futbol
1354,15.1,3,1,1,0,5,27,4,Voleibol
1355,15.6,3,1,0,3,5,20,50,Rugby
1356,15.7,5,2,1,1,3,46,11,Futbol
1357,14.0,3,1,1,2,3,37,2,Futbol
1358,17.0,4,3,1,0,5,26,48,Voleibol
1359,16.7,3,6,0,1,3,47,9,Futbol
1360,18.7,4,2,1,0,5,33,48,Voleibol
1361,18.6,4,2,1,2,5,25,30,Rugby
1362,17.7,5,2,1,2,3,33,14,Futbol
1363,16.7,6,3,1,3,3,30,20,Futbol
1364,14.6,4,1,0,2,5,32,43,Basketball
1365,15.8,4,1,0,2,5,39,29,Futbol
1366,15.4,4,2,0,2,5,26,32,Basketball
1367,16.5,3,2,0,1,4,30,54,Basketball
1368,13.7,3,1,0,3,5,18,12,Rugby
1369,13.1,4,2,1,2,3,27,48,Futbol
1370,17.7,2,3,1,2,3,35,6,Futbol
1371,16.1,3,1,1,2,5,28,25,Rugby
1372,16.6,5,0,1,2,5,26,21,Voleibol
1373,18.1,5,1,1,3,5,26,8,Rugby
1374,16.6,1,4,1,3,5,18,11,Rugby
1375,17.7,4,1,0,2,5,41,2,Futbol
1376,13.7,5,5,1,2,3,44,101,Basketball
1377,13.5,4,1,0,0,5,34,40,Voleibol
1378,16.4,4,1,1,0,5,32,54,Voleibol
1379,14.0,3,1,0,2,3,53,7,Futbol
1380,15.3,3,1,1,2,3,47,59,Futbol
1381,17.1,1,6,1,2,5,20,1,Rugby
1382,14.5,3,1,0,0,3,38,21,Voleibol
1383,17.5,5,2,1,0,3,31,55,Futbol
1384,17.3,3,1,1,0,3,39,4,Voleibol
1385,14.9,3,2,1,3,5,18,21,Rugby
1386,15.5,3,2,0,3,5,21,45,Rugby
1387,14.3,4,4,1,1,5,46,40,Futbol
1388,18.1,4,1,0,0,5,21,19,Voleibol
1389,15.0,4,6,0,2,5,25,48,Basketball
1390,15.9,3,1,0,3,3,22,30,Rugby
1391,14.4,3,2,0,3,5,21,35,Basketball
1392,16.0,4,4,1,2,0,25,28,Futbol
1393,17.6,5,1,1,1,3,43,28,Futbol
1394,17.1,5,1,0,3,3,39,0,Futbol
1395,16.9,3,6,1,0,3,48,50,Futbol
1396,18.2,3,3,0,3,5,19,24,Rugby
1397,16.5,4,2,1,0,5,24,4,Voleibol
1398,16.0,3,1,1,0,5,20,8,Voleibol
1399,15.1,4,5,1,0,3,27,48,Futbol
1400,15.7,1,1,1,2,1,38,40,Rugby
1401,14.2,4,1,1,2,5,22,29,Basketball
1402,13.7,1,2,0,3,5,17,23,Rugby
1403,17.4,4,4,0,2,3,23,11,Futbol
1404,16.6,4,1,0,3,3,24,7,Rugby
1405,17.5,5,3,0,3,3,43,21,Futbol
1406,17.4,4,1,0,0,3,55,21,Futbol
1407,13.2,3,2,0,3,5,21,11,Basketball
1408,13.5,3,1,0,2,3,49,4,Futbol
1409,13.7,0,1,1,3,5,16,37,Rugby
1410,18.9,4,6,1,3,5,58,39,Futbol
1411,16.4,3,2,0,2,5,23,4,Rugby
1412,18.2,4,1,1,2,5,33,35,Rugby
1413,13.3,5,2,1,2,3,46,18,Futbol
1414,14.6,5,1,0,0,3,45,35,Futbol
1415,17.4,3,1,0,0,3,38,40,Voleibol
1416,17.0,3,2,1,0,3,32,19,Voleibol
1417,13.5,7,1,0,2,4,45,7,Futbol
1418,16.9,3,5,0,3,5,20,21,Rugby
1419,17.4,6,2,1,3,5,33,55,Basketball
1420,18.7,3,1,1,1,3,47,7,Futbol
1421,15.8,2,1,0,2,5,35,19,Rugby
1422,17.0,5,2,0,2,5,26,29,Basketball
1423,15.9,5,2,1,0,3,31,8,Voleibol
1424,13.2,4,2,1,0,3,38,4,Futbol
1425,13.5,3,2,1,3,5,21,35,Rugby
1426,14.6,4,1,0,2,3,28,37,Futbol
1427,14.1,4,4,0,1,3,32,4,Futbol
1428,14.4,3,2,1,2,3,45,29,Futbol
1429,14.4,3,1,0,1,3,30,5,Futbol
1430,13.5,4,1,0,2,5,41,48,Basketball
1431,14.1,4,1,1,1,3,50,29,Futbol
1432,13.7,3,2,1,0,5,25,77,Basketball
1433,13.7,3,2,1,1,1,47,4,Futbol
1434,15.5,7,1,0,0,1,31,4,Futbol
1435,14.6,5,1,1,0,3,31,59,Futbol
1436,16.8,1,1,1,2,1,57,35,Futbol
1437,18.9,5,1,1,0,3,32,12,Voleibol
1438,16.6,3,1,1,1,3,47,10,Futbol
1439,16.6,4,6,1,1,3,57,0,Futbol
1440,15.2,4,6,0,2,4,50,40,Futbol
1441,14.6,4,1,1,1,3,54,44,Futbol
1442,14.0,4,2,1,0,5,25,4,Voleibol
1443,16.2,7,2,0,2,3,49,21,Futbol
1444,17.1,5,2,0,2,1,55,39,Futbol
1445,15.7,4,2,1,0,3,29,8,Voleibol
1446,13.2,4,1,1,0,4,46,7,Voleibol
1447,14.6,4,2,0,0,1,39,11,Futbol
1448,15.5,6,2,1,0,3,49,53,Futbol
1449,14.1,3,1,1,1,3,32,30,Futbol
1450,13.1,3,1,1,3,3,36,8,Futbol
1451,13.1,4,2,1,3,5,23,7,Futbol
1452,18.5,1,2,1,3,5,15,29,Rugby
1453,14.0,5,1,1,1,1,35,29,Futbol
1454,17.6,4,1,0,3,5,23,0,Rugby
1455,16.1,4,3,1,0,5,24,70,Basketball
1456,15.7,4,2,0,3,5,26,34,Basketball
1457,13.3,3,1,0,2,1,50,7,Futbol
1458,13.7,4,1,1,0,3,56,25,Futbol
1459,14.1,1,6,1,3,5,19,50,Rugby
1460,18.1,2,1,1,2,3,36,21,Rugby
1461,15.9,5,1,1,1,3,51,7,Futbol
1462,17.1,5,2,0,3,3,27,29,Rugby
1463,17.2,3,1,1,3,5,29,10,Rugby
1464,17.7,4,1,0,3,5,23,29,Rugby
1465,13.3,5,3,1,2,5,29,29,Futbol
1466,16.1,4,4,1,2,3,35,40,Futbol
1467,16.8,4,2,0,0,3,33,29,Voleibol
1468,13.5,3,1,1,1,3,48,40,Futbol
1469,13.1,5,1,0,2,3,50,4,Futbol
1470,13.6,4,1,0,3,3,56,7,Futbol
1471,13.2,4,2,1,1,5,37,20,Futbol
1472,15.4,6,1,1,3,3,53,20,Futbol
1473,18.4,5,2,1,2,3,41,8,Futbol
1474,14.4,4,1,0,0,3,27,21,Voleibol
1475,15.9,3,2,0,3,5,22,0,Rugby
1476,13.8,2,0,1,2,3,30,56,Rugby
1477,18.2,7,1,1,2,3,43,73,Futbol
1478,13.5,4,2,1,2,5,51,4,Futbol
1479,13.2,1,1,1,1,3,33,45,Futbol
1480,13.3,1,1,1,0,5,28,4,Voleibol
1481,17.3,5,5,0,2,5,30,55,Basketball
1482,15.3,6,1,0,3,3,55,35,Futbol
1483,17.3,6,0,1,1,3,41,43,Futbol
1484,16.6,2,1,0,3,3,45,50,Rugby
1485,14.8,4,1,1,2,3,45,50,Futbol
1486,17.7,4,1,1,3,5,22,29,Rugby
1487,18.3,3,5,0,0,6,56,32,Futbol
1488,15.5,1,1,1,0,5,20,56,Rugby
1489,15.5,4,3,1,3,5,23,23,Rugby
1490,18.9,3,2,0,1,3,61,8,Futbol
1491,13.1,6,3,1,1,3,39,55,Futbol
1492,16.4,1,1,0,2,3,49,7,Futbol
1493,16.4,4,1,1,3,5,24,39,Rugby
1494,14.2,4,1,1,2,5,38,23,Futbol
1495,14.1,3,6,1,0,5,31,55,Basketball
1496,13.8,5,1,1,1,3,27,40,Futbol
1497,18.3,4,1,1,0,3,32,30,Voleibol
1498,17.6,3,1,0,1,6,50,29,Voleibol
1499,18.4,5,1,1,3,5,51,44,Futbol
1500,13.7,3,1,1,3,5,21,35,Rugby
1501,15.8,3,6,1,3,5,24,72,Basketball
1502,16.8,5,6,0,3,3,51,32,Futbol
1503,14.4,5,2,1,2,1,32,40,Futbol
1504,13.2,2,2,1,2,1,56,2,Futbol
1505,15.8,4,4,0,2,5,23,18,Futbol
1506,16.6,3,1,1,2,3,56,4,Futbol
1507,14.6,3,2,1,3,5,18,20,Rugby
1508,17.1,4,1,1,2,1,56,8,Futbol
1509,15.0,7,4,0,2,4,38,28,Futbol
1510,13.4,3,2,0,3,5,19,21,Basketball
1511,16.8,4,1,1,0,3,62,29,Futbol
1512,16.2,4,1,0,0,3,40,43,Futbol
1513,13.8,4,1,0,1,5,41,39,Basketball
1514,18.3,4,2,1,0,5,24,12,Voleibol
1515,17.6,1,2,1,3,5,21,54,Rugby
1516,15.9,3,6,1,2,5,35,35,Futbol
1517,18.4,5,1,1,0,3,42,18,Voleibol
1518,13.5,5,5,0,0,0,38,7,Futbol
1519,13.3,2,1,0,2,0,50,14,Futbol
1520,13.2,3,2,1,3,5,19,39,Basketball
1521,13.3,3,1,1,0,5,21,4,Voleibol
1522,17.4,4,1,0,3,6,42,32,Rugby
1523,14.9,4,1,1,0,5,24,4,Voleibol
1524,14.1,3,1,1,3,1,46,40,Futbol
1525,17.6,3,0,0,2,3,34,17,Rugby
1526,17.9,3,4,1,0,5,21,4,Voleibol
1527,17.4,5,1,1,1,3,35,4,Futbol
1528,15.6,5,1,1,0,3,28,72,Basketball
1529,15.0,4,1,1,3,5,24,59,Rugby
1530,18.3,7,1,1,2,5,23,29,Voleibol
1531,17.6,7,2,1,2,3,30,16,Futbol
1532,14.7,4,1,1,3,5,39,13,Futbol
1533,13.7,4,3,1,3,1,25,8,Futbol
1534,14.1,5,5,0,0,5,34,48,Basketball
1535,17.8,4,1,1,2,1,62,28,Futbol
1536,16.2,4,2,1,1,5,26,4,Voleibol
1537,17.4,3,6,1,3,5,18,55,Rugby
1538,17.7,4,1,1,0,1,32,35,Futbol
1539,15.2,5,3,0,3,5,23,12,Futbol
1540,13.0,5,2,1,0,3,49,80,Futbol
1541,16.6,4,2,0,2,5,39,8,Futbol
1542,16.5,1,1,1,2,5,24,5,Rugby
1543,15.4,1,3,1,3,5,21,89,Rugby
1544,18.8,2,1,1,0,5,24,29,Rugby
1545,18.3,3,1,1,1,3,53,40,Futbol
1546,15.8,3,6,0,3,1,35,17,Futbol
1547,14.1,3,4,0,0,5,30,4,Voleibol
1548,17.1,3,2,1,0,5,38,4,Voleibol
1549,14.7,4,2,1,2,5,22,11,Futbol
1550,17.2,4,2,1,0,5,25,6,Voleibol
1551,18.0,1,1,1,1,5,28,37,Rugby
1552,15.4,1,4,1,2,5,21,61,Rugby
1553,14.1,4,2,1,2,5,29,4,Futbol
1554,14.0,3,1,0,2,5,32,18,Futbol
1555,14.8,7,0,1,2,3,44,0,Futbol
1556,15.5,4,1,1,2,3,26,50,Rugby
1557,17.9,7,2,0,1,1,27,7,Futbol
1558,16.6,1,1,0,3,5,18,54,Rugby
1559,14.4,5,2,1,3,3,28,29,Futbol
1560,13.8,3,1,1,2,3,48,29,Futbol
1561,15.8,5,1,1,2,3,33,4,Futbol
1562,14.7,7,6,1,2,3,28,48,Futbol
1563,16.5,4,1,1,1,3,44,8,Futbol
1564,15.5,2,1,1,2,3,47,38,Futbol
1565,14.1,7,5,0,1,1,38,25,Futbol
1566,14.4,4,1,0,2,5,24,45,Basketball
1567,17.0,7,2,1,1,5,27,11,Voleibol
1568,18.9,3,1,0,0,4,46,28,Voleibol
1569,14.3,3,1,1,1,3,50,2,Futbol
1570,14.9,3,2,0,1,5,23,55,Basketball
1571,15.1,4,4,1,2,3,36,8,Futbol
1572,17.9,3,2,1,3,3,24,12,Rugby
1573,13.9,3,6,1,2,3,35,40,Futbol
1574,14.2,2,1,1,1,3,37,18,Futbol
1575,13.3,6,2,1,2,3,34,39,Futbol
1576,17.3,4,1,1,2,1,48,4,Futbol
1577,13.4,4,2,1,0,3,31,20,Futbol
1578,18.3,5,1,1,0,3,50,43,Futbol
1579,17.3,3,1,1,2,3,54,40,Futbol
1580,18.3,4,1,0,0,3,40,0,Voleibol
1581,18.8,6,3,1,0,5,50,44,Futbol
1582,15.4,4,2,1,2,5,24,29,Futbol
1583,15.3,5,1,1,3,0,26,35,Futbol
1584,14.0,4,1,1,2,3,33,23,Futbol
1585,15.2,4,2,1,0,3,31,40,Futbol
1586,18.5,3,3,1,0,5,27,48,Rugby
1587,13.9,3,1,1,2,3,33,16,Futbol
1588,16.7,1,1,1,3,5,19,59,Rugby
1589,17.7,5,1,0,0,3,34,86,Basketball
1590,13.1,4,5,1,1,3,55,27,Futbol
1591,15.4,3,1,0,3,5,23,50,Rugby
1592,16.4,4,1,0,1,3,37,0,Futbol
1593,18.2,1,1,1,3,5,18,8,Rugby
1594,13.6,3,5,0,3,5,18,5,Futbol
1595,16.5,3,1,1,3,3,25,4,Rugby
1596,19.0,7,4,1,1,4,26,33,Futbol
1597,13.5,5,1,1,3,3,56,89,Basketball
1598,16.7,1,2,0,2,1,35,23,Rugby
1599,13.5,4,1,0,1,0,41,29,Futbol
1600,13.5,4,2,0,0,5,50,4,Voleibol
1601,19.0,4,2,1,0,5,25,4,Voleibol
1602,13.8,3,1,0,3,3,39,1,Futbol
1603,16.0,2,1,0,2,3,43,40,Futbol
1604,16.0,4,1,1,2,1,61,7,Futbol
1605,16.1,5,1,1,0,3,28,20,Voleibol
1606,16.4,4,1,0,0,3,24,48,Voleibol
1607,18.6,1,6,0,3,5,18,45,Rugby
1608,17.9,5,2,1,0,3,30,8,Voleibol
1609,13.3,4,6,1,1,1,74,29,Futbol
1610,14.1,4,1,1,1,1,46,45,Futbol
1611,14.0,5,6,1,1,3,49,72,Futbol
1612,14.0,4,6,1,2,5,34,20,Futbol
1613,18.7,5,0,1,0,1,43,72,Futbol
1614,18.8,4,1,1,1,3,28,3,Voleibol
1615,14.5,4,1,1,0,3,33,32,Voleibol
1616,16.0,1,1,1,2,1,44,8,Futbol
1617,15.8,1,1,0,0,3,46,27,Futbol
1618,18.7,3,1,0,3,5,17,34,Rugby
1619,15.4,5,1,1,3,3,35,104,Basketball
1620,18.8,4,1,0,1,6,55,44,Voleibol
1621,17.0,3,1,1,2,3,28,4,Rugby
1622,15.4,4,6,1,2,3,44,54,Futbol
1623,18.3,3,1,0,2,3,48,35,Futbol
1624,13.7,3,1,0,3,5,24,23,Basketball
1625,15.8,7,1,1,0,3,28,21,Voleibol
1626,18.7,7,1,1,2,1,33,5,Futbol
1627,15.4,4,2,0,3,6,52,40,Basketball
1628,15.8,4,5,1,2,5,32,4,Futbol
1629,16.4,3,1,1,3,5,22,87,Rugby
1630,16.7,5,4,0,2,5,24,7,Futbol
1631,15.0,3,1,0,0,3,39,15,Voleibol
1632,13.2,3,1,0,0,4,27,7,Voleibol
1633,16.0,1,4,1,3,5,20,5,Rugby
1634,16.0,4,1,1,2,3,47,2,Futbol
1635,18.4,1,1,1,3,5,17,54,Rugby
1636,16.6,5,2,0,2,3,46,19,Futbol
1637,18.7,3,2,1,3,5,21,66,Rugby
1638,15.6,3,6,0,2,0,30,13,Futbol
1639,15.7,4,5,0,3,3,46,6,Futbol
1640,14.3,1,6,0,2,5,22,54,Basketball
1641,17.7,3,0,1,0,3,34,50,Rugby
1642,16.2,1,2,1,0,3,36,32,Futbol
1643,15.8,3,1,1,0,3,43,56,Futbol
1644,15.1,5,1,1,2,3,54,39,Futbol
1645,17.2,1,3,1,3,5,22,59,Rugby
1646,17.1,5,2,1,0,5,23,29,Voleibol
1647,13.0,4,1,0,2,5,27,15,Basketball
1648,18.9,5,1,0,2,3,27,40,Rugby
1649,13.1,4,1,1,0,3,38,23,Voleibol
1650,16.5,4,1,0,2,5,26,19,Voleibol
1651,13.3,3,2,1,3,5,19,11,Rugby
1652,17.0,3,2,1,3,5,19,12,Rugby
1653,13.0,6,1,1,3,3,35,56,Basketball
1654,18.1,4,2,1,0,3,38,51,Futbol
1655,16.3,2,1,1,2,3,34,6,Futbol
1656,14.7,5,2,1,1,3,33,58,Futbol
1657,14.2,4,1,1,1,5,34,18,Voleibol
1658,14.2,3,1,1,1,3,33,5,Futbol
1659,16.2,4,4,1,0,3,35,51,Futbol
1660,16.6,3,4,1,0,3,36,8,Futbol
1661,16.9,1,1,1,3,5,22,21,Rugby
1662,15.2,5,4,1,2,3,40,40,Futbol
1663,18.1,4,2,0,1,3,25,100,Basketball
1664,16.1,4,1,0,3,5,28,50,Basketball
1665,16.3,4,2,1,2,3,42,42,Futbol
1666,17.8,5,1,1,2,5,32,35,Rugby
1667,17.2,5,5,1,3,5,35,43,Futbol
1668,18.7,7,1,1,2,5,40,37,Futbol
1669,15.5,1,1,1,2,3,33,2,Rugby
1670,14.0,3,1,1,0,3,46,29,Futbol
1671,15.4,1,2,1,0,3,26,15,Voleibol
1672,15.3,5,1,0,3,0,28,12,Futbol
1673,16.5,3,1,0,2,3,32,34,Rugby
1674,15.6,3,4,1,0,5,21,80,Basketball
1675,18.8,2,0,1,2,1,57,47,Rugby
1676,16.5,5,1,1,2,3,42,5,Futbol
1677,13.4,3,1,1,0,5,18,2,Voleibol
1678,15.8,4,1,1,3,3,26,18,Rugby
1679,17.3,3,6,0,3,5,18,35,Rugby
1680,18.5,6,4,1,0,3,34,11,Futbol
1681,18.1,3,1,0,3,3,48,4,Futbol
1682,13.3,4,5,1,2,1,69,4,Futbol
1683,17.7,4,2,0,0,3,28,4,Voleibol
1684,16.9,4,1,0,0,1,40,4,Futbol
1685,16.3,4,5,1,1,1,52,7,Futbol
1686,14.3,4,1,0,0,3,33,55,Futbol
1687,13.1,5,2,0,2,5,28,21,Basketball
1688,18.3,1,1,0,3,5,19,50,Rugby
1689,18.0,3,1,1,2,3,48,8,Futbol
1690,17.4,4,4,0,2,1,36,40,Futbol
1691,14.6,5,2,1,0,3,47,45,Futbol
1692,16.4,7,2,1,0,3,41,8,Voleibol
1693,15.6,3,2,1,0,3,38,4,Voleibol
1694,16.9,4,1,1,0,5,29,47,Voleibol
1695,16.7,7,1,0,1,1,46,0,Futbol
1696,16.2,3,2,0,1,5,27,54,Basketball
1697,14.9,3,1,1,0,3,40,39,Futbol
1698,16.6,7,1,0,2,1,45,29,Futbol
1699,18.6,2,2,0,2,5,27,61,Rugby
1700,14.3,1,1,1,3,5,18,40,Rugby
1701,17.0,5,1,1,0,3,55,35,Futbol
1702,14.2,1,2,0,3,5,19,19,Rugby
1703,15.5,5,1,0,2,5,27,64,Basketball
1704,13.7,3,1,1,3,5,21,54,Rugby
1705,18.9,3,6,0,3,5,22,18,Rugby
1706,13.5,4,2,1,0,4,35,54,Futbol
1707,15.6,5,2,1,3,1,47,0,Futbol
1708,14.3,3,6,1,2,3,37,17,Futbol
1709,16.9,3,1,0,0,1,43,18,Futbol
1710,14.7,4,2,1,0,1,37,40,Futbol
1711,17.9,5,2,0,3,5,30,75,Basketball
1712,15.1,4,1,1,0,5,38,8,Voleibol
1713,18.9,5,4,0,0,3,29,43,Futbol
1714,17.5,7,1,1,0,3,39,17,Voleibol
1715,18.4,5,1,1,3,5,25,29,Rugby
1716,15.1,4,1,1,0,3,31,29,Voleibol
1717,16.1,3,2,1,0,5,39,20,Voleibol
1718,18.9,4,4,1,0,5,35,4,Voleibol
1719,18.8,6,1,1,0,3,45,4,Voleibol
1720,17.9,1,2,0,2,1,37,7,Rugby
1721,13.6,3,2,1,3,5,22,50,Basketball
1722,14.0,5,2,1,1,3,33,29,Futbol
1723,14.7,4,3,1,3,5,26,24,Futbol
1724,18.0,3,1,1,2,1,39,29,Rugby
1725,15.1,3,1,0,3,3,32,33,Rugby
1726,16.5,5,1,0,0,3,35,40,Voleibol
1727,16.2,5,1,1,0,3,42,87,Basketball
1728,16.3,3,1,0,3,5,42,4,Futbol
1729,18.5,4,1,1,3,3,39,54,Rugby
1730,18.3,4,1,1,2,3,42,8,Futbol
1731,17.3,1,2,1,3,5,22,45,Rugby
1732,18.3,4,3,1,0,5,24,93,Basketball
1733,16.3,4,1,0,0,1,49,4,Futbol
1734,18.3,3,1,0,3,5,19,55,Rugby
1735,15.3,2,1,1,2,3,44,31,Futbol
1736,15.4,4,6,1,0,5,31,28,Futbol
1737,14.7,4,1,1,0,3,33,30,Voleibol
1738,15.5,1,2,0,3,5,15,8,Rugby
1739,16.7,2,2,1,3,1,50,7,Futbol
1740,18.2,3,2,0,3,5,21,4,Rugby
1741,15.8,1,6,1,2,1,37,58,Futbol
1742,13.3,2,1,1,2,3,24,5,Futbol
1743,15.4,5,2,1,0,5,23,40,Voleibol
1744,17.1,7,1,1,0,3,53,12,Voleibol
1745,17.9,3,1,0,0,5,22,4,Voleibol
1746,16.3,5,1,1,2,3,35,27,Futbol
1747,14.6,3,2,0,3,5,19,35,Basketball
1748,14.9,4,1,0,0,6,60,40,Voleibol
1749,14.5,4,1,1,0,3,42,40,Futbol
1750,15.9,2,3,1,2,5,34,4,Futbol
1751,17.1,3,6,1,0,3,30,34,Futbol
1752,14.9,2,1,1,2,3,45,7,Futbol
1753,15.6,1,1,0,3,5,17,19,Rugby
1754,16.7,3,1,0,3,5,19,28,Rugby
1755,16.1,6,1,1,3,3,46,50,Futbol
1756,13.2,3,5,1,3,5,18,21,Futbol
1757,16.5,7,1,1,1,3,36,29,Futbol
1758,14.7,4,2,1,2,3,28,48,Futbol
1759,14.0,7,1,0,2,5,47,30,Futbol
1760,13.0,3,0,1,3,5,25,39,Rugby
1761,16.9,4,2,1,0,3,25,43,Futbol
1762,18.6,3,2,1,3,1,26,25,Rugby
1763,13.4,3,1,1,0,3,63,22,Futbol
1764,17.7,4,1,1,0,5,23,11,Voleibol
1765,17.9,4,1,1,0,3,33,19,Voleibol
1766,16.7,5,2,1,2,3,32,4,Futbol
1767,13.5,7,1,0,2,3,33,33,Futbol
1768,15.5,3,2,0,3,5,22,20,Rugby
1769,13.4,4,1,0,2,5,41,6,Futbol
1770,17.3,1,1,1,3,5,23,72,Rugby
1771,15.6,3,1,1,3,5,43,103,Basketball
1772,18.6,3,1,0,3,5,19,41,Rugby
1773,16.7,4,1,0,1,1,41,43,Futbol
1774,17.6,4,4,1,0,5,25,28,Voleibol
1775,18.9,3,1,1,0,6,22,29,Voleibol
1776,15.0,4,6,1,0,5,23,54,Basketball
1777,14.4,3,5,1,1,3,24,15,Futbol
1778,17.5,3,1,1,1,5,25,40,Rugby
1779,17.4,3,0,0,1,3,43,7,Futbol
1780,16.6,5,2,0,2,3,30,55,Basketball
1781,13.6,4,1,1,1,5,46,63,Basketball
1782,17.5,3,2,1,3,5,18,30,Rugby
1783,16.8,4,2,0,0,3,40,4,Voleibol
1784,18.3,4,5,1,1,3,39,43,Futbol
1785,14.7,7,1,1,2,3,34,8,Futbol
1786,16.2,4,2,1,2,3,57,32,Futbol
1787,16.9,5,6,1,1,3,40,55,Futbol
1788,18.2,3,2,1,3,5,24,13,Rugby
1789,16.0,1,3,0,0,3,25,11,Voleibol
1790,17.1,4,1,1,0,5,27,56,Voleibol
1791,16.8,4,1,1,0,3,26,32,Voleibol
1792,14.9,3,4,0,3,5,19,35,Basketball
1793,15.2,5,3,0,3,5,27,11,Futbol
1794,18.1,3,1,0,0,5,35,18,Voleibol
1795,18.6,3,4,1,0,5,24,7,Voleibol
1796,15.0,3,1,0,2,3,46,50,Futbol
1797,19.0,4,1,0,2,5,21,47,Rugby
1798,15.3,1,2,1,2,3,62,70,Futbol
1799,13.1,4,1,1,3,5,22,29,Basketball
1800,17.0,4,1,1,1,3,47,32,Futbol
1801,14.4,4,4,1,1,5,27,99,Basketball
1802,17.0,5,6,0,0,3,36,84,Basketball
1803,18.7,1,1,0,3,3,18,44,Rugby
1804,14.9,4,2,0,2,1,38,40,Futbol
1805,15.1,3,2,1,3,5,24,7,Rugby
1806,16.9,4,1,1,0,3,36,8,Voleibol
1807,16.7,2,1,1,2,1,50,8,Futbol
1808,17.9,5,2,0,3,3,39,39,Futbol
1809,17.3,4,1,0,2,3,29,8,Futbol
1810,17.4,3,0,1,2,1,52,4,Futbol
1811,15.1,3,2,1,0,3,31,4,Voleibol
1812,16.0,4,5,1,0,5,40,40,Futbol
1813,13.9,7,5,0,2,3,52,40,Futbol
1814,14.9,4,5,1,0,3,51,34,Futbol
1815,15.9,5,0,1,1,3,38,32,Futbol
1816,18.7,4,2,1,1,3,35,40,Futbol
1817,16.7,3,2,0,3,5,24,50,Rugby
1818,18.6,1,1,0,3,5,18,28,Rugby
1819,13.3,1,3,0,3,5,15,54,Rugby
1820,17.4,6,6,1,2,5,37,72,Basketball
1821,14.7,4,2,1,3,5,23,8,Futbol
1822,17.1,1,1,0,0,5,43,45,Voleibol
1823,17.3,4,2,0,0,0,35,19,Futbol
1824,16.8,7,1,1,1,3,60,4,Futbol
1825,15.0,1,2,1,3,5,20,55,Rugby
1826,15.8,3,1,1,3,5,21,40,Rugby
1827,13.1,4,6,0,3,3,23,16,Futbol
1828,18.6,3,2,1,2,5,22,3,Rugby
1829,14.0,5,0,0,1,5,47,59,Basketball
1830,15.9,4,1,0,0,3,51,29,Futbol
1831,17.6,2,1,1,1,4,27,29,Rugby
1832,18.3,4,1,0,0,5,36,4,Voleibol
1833,13.2,3,6,0,3,5,21,48,Basketball
1834,14.9,4,6,0,2,1,46,43,Futbol
1835,17.5,3,2,0,3,1,27,40,Rugby
1836,17.2,5,3,1,1,5,36,19,Futbol
1837,17.9,5,1,0,2,0,33,4,Futbol
1838,14.5,5,4,0,0,3,49,15,Futbol
1839,18.7,3,4,0,0,5,20,54,Basketball
1840,13.8,5,6,1,1,6,52,15,Futbol
